timestamp,magnitude,sound
2025-08-14T13:18:07.822625,1.019972661628242,0.179443
2025-08-14T13:18:08.043458,1.019972661628242,0.179443
2025-08-14T13:18:08.425456,1.0118163017643074,0.205078
2025-08-14T13:18:08.721456,1.0235118131418903,0.201416
2025-08-14T13:18:08.905454,1.0199502242565566,0.187988
2025-08-14T13:18:09.191905,1.012170611448485,0.179443
2025-08-14T13:18:09.373904,1.024204770118261,0.181885
2025-08-14T13:18:09.566903,1.0195986179850385,0.19043
2025-08-14T13:18:09.777906,1.0160833749279634,0.183105
2025-08-14T13:18:10.065905,1.01962106309403,0.206299
2025-08-14T13:18:10.262903,1.012170611448485,0.181885
2025-08-14T13:18:10.448812,1.024204770118261,0.203857
2025-08-14T13:18:10.637812,1.0234894533569947,0.184326
2025-08-14T13:18:10.826900,1.0203390918243798,0.187988
2025-08-14T13:18:11.017898,1.012170611448485,0.184326
2025-08-14T13:18:11.201895,1.015707899020678,0.179443
2025-08-14T13:18:11.384895,1.012170611448485,0.179443
2025-08-14T13:18:11.562196,1.0238397234416137,0.181885
2025-08-14T13:18:11.753197,1.012170611448485,0.206299
2025-08-14T13:18:11.927197,1.015707899020678,0.179443
2025-08-14T13:18:12.103197,1.0160833749279634,0.179443
2025-08-14T13:18:12.292615,1.012170611448485,0.178223
2025-08-14T13:18:12.499616,1.01962106309403,0.183105
2025-08-14T13:18:16.269457,1.0160608516703122,0.179443
2025-08-14T13:18:16.458477,1.0238397234416137,0.19043
2025-08-14T13:18:16.680831,1.024204770118261,0.186768
2025-08-14T13:18:16.995829,1.0118163017643074,0.181885
2025-08-14T13:18:17.293827,1.0160608516703122,0.179443
2025-08-14T13:18:17.478829,1.0160608516703122,0.183105
2025-08-14T13:18:17.865827,1.015707899020678,0.187988
2025-08-14T13:18:18.181826,1.0079485247352664,0.198975
2025-08-14T13:18:18.380827,1.0238397234416137,0.200195
2025-08-14T13:18:18.571827,1.0195986179850385,0.179443
2025-08-14T13:18:18.765204,1.015707899020678,0.184326
2025-08-14T13:18:18.944212,1.0199502242565566,0.184326
2025-08-14T13:18:19.294350,1.0238620755770769,0.203857
2025-08-14T13:18:19.526348,1.0161209241138578,0.184326
2025-08-14T13:18:19.705124,1.0160833749279634,0.184326
2025-08-14T13:18:19.884143,1.0199502242565566,0.181885
2025-08-14T13:18:20.076147,1.012170611448485,0.183105
2025-08-14T13:18:20.268624,1.015707899020678,0.183105
2025-08-14T13:18:20.451624,1.019972661628242,0.194092
2025-08-14T13:18:20.630623,1.012193221271512,0.185547
2025-08-14T13:18:20.821624,1.015707899020678,0.179443
2025-08-14T13:18:21.108623,1.015707899020678,0.178223
2025-08-14T13:18:21.295623,1.015707899020678,0.184326
2025-08-14T13:18:21.469622,1.012193221271512,0.180664
2025-08-14T13:18:21.648623,1.0157304301048582,0.20752
2025-08-14T13:18:21.934644,1.015707899020678,0.206299
2025-08-14T13:18:22.137301,1.016451207211148,0.189209
2025-08-14T13:18:22.336301,1.0199502242565566,0.179443
2025-08-14T13:18:22.627301,1.0160608516703122,0.179443
2025-08-14T13:18:22.924301,1.0195986179850385,0.180664
2025-08-14T13:18:23.277313,1.0160608516703122,0.178223
2025-08-14T13:18:23.527309,1.0157304301048582,0.184326
2025-08-14T13:18:23.741312,1.0199502242565566,0.181885
2025-08-14T13:18:23.935308,1.015707899020678,0.179443
2025-08-14T13:18:24.125315,1.0274036750586404,0.197754
2025-08-14T13:18:24.308309,1.019972661628242,0.178223
2025-08-14T13:18:24.493309,1.0195986179850385,0.179443
2025-08-14T13:18:24.674322,1.015707899020678,0.180664
2025-08-14T13:18:24.866321,1.0195986179850385,0.178223
2025-08-14T13:18:25.050322,1.0199502242565566,0.180664
2025-08-14T13:18:25.238323,1.024204770118261,0.205078
2025-08-14T13:18:25.533323,1.0079258196950804,0.179443
2025-08-14T13:18:25.720320,1.01962106309403,0.203857
2025-08-14T13:18:26.110313,1.016451207211148,0.181885
2025-08-14T13:18:26.297315,1.016451207211148,0.184326
2025-08-14T13:18:26.481313,1.01642869210437,0.181885
2025-08-14T13:18:26.660034,1.01962106309403,0.180664
2025-08-14T13:18:26.846032,1.0199502242565566,0.183105
2025-08-14T13:18:27.026034,1.0160833749279634,0.186768
2025-08-14T13:18:27.410628,1.0234894533569947,0.180664
2025-08-14T13:18:27.695917,1.01962106309403,0.184326
2025-08-14T13:18:27.896917,1.01962106309403,0.183105
2025-08-14T13:18:28.097918,1.0235118131418903,0.180664
2025-08-14T13:18:28.278917,1.0157304301048582,0.179443
2025-08-14T13:18:28.463919,1.0195986179850385,0.181885
2025-08-14T13:18:28.659198,1.024204770118261,0.179443
2025-08-14T13:18:28.848198,1.012170611448485,0.181885
2025-08-14T13:18:29.390202,1.023899339496808,0.178223
2025-08-14T13:18:29.565198,1.0234894533569947,0.189209
2025-08-14T13:18:29.753199,1.0157304301048582,0.180664
2025-08-14T13:18:29.938198,1.0199502242565566,0.187988
2025-08-14T13:18:30.119361,1.0199502242565566,0.203857
2025-08-14T13:18:30.400363,1.024204770118261,0.197754
2025-08-14T13:18:30.701362,1.0238620755770769,0.181885
2025-08-14T13:18:30.935362,1.015707899020678,0.184326
2025-08-14T13:18:31.174362,1.0160608516703122,0.197754
2025-08-14T13:18:31.529363,1.015707899020678,0.186768
2025-08-14T13:18:31.719360,1.012193221271512,0.179443
2025-08-14T13:18:32.006361,1.0235118131418903,0.197754
2025-08-14T13:18:32.192357,1.0160608516703122,0.185547
2025-08-14T13:18:32.367401,1.0238620755770769,0.189209
2025-08-14T13:18:32.699385,1.0160608516703122,0.185547
2025-08-14T13:18:32.878368,1.0118163017643074,0.179443
2025-08-14T13:18:33.120368,1.0082814964939106,0.179443
2025-08-14T13:18:33.317368,1.0234894533569947,0.189209
2025-08-14T13:18:33.516369,1.01642869210437,0.184326
2025-08-14T13:18:33.700388,1.0234894533569947,0.184326
2025-08-14T13:18:33.881388,1.0153698496808934,0.179443
2025-08-14T13:18:34.065443,1.0281162684852332,0.186768
2025-08-14T13:18:34.245443,1.020316662510713,0.186768
2025-08-14T13:18:34.554443,1.0234894533569947,0.183105
2025-08-14T13:18:34.738746,1.019972661628242,0.203857
2025-08-14T13:18:34.937759,1.0195986179850385,0.185547
2025-08-14T13:18:35.121760,1.019972661628242,0.184326
2025-08-14T13:18:35.298776,1.0238620755770769,0.186768
2025-08-14T13:18:35.474528,1.028094008841604,0.186768
2025-08-14T13:18:35.647546,1.0160608516703122,0.196533
2025-08-14T13:18:35.833810,1.0118163017643074,0.179443
2025-08-14T13:18:36.117810,1.015707899020678,0.179443
2025-08-14T13:18:36.304780,1.028094008841604,0.184326
2025-08-14T13:18:36.501780,1.0195986179850385,0.184326
2025-08-14T13:18:36.674118,1.0160608516703122,0.179443
2025-08-14T13:18:36.859073,1.019972661628242,0.179443
2025-08-14T13:18:37.056075,1.0231763421566196,0.201416
2025-08-14T13:18:37.240073,1.0160833749279634,0.194092
2025-08-14T13:18:37.447140,1.015707899020678,0.197754
2025-08-14T13:18:37.642222,1.0160608516703122,0.178223
2025-08-14T13:18:37.830220,1.0238397234416137,0.187988
2025-08-14T13:18:38.019219,1.0199502242565566,0.178223
2025-08-14T13:18:38.197223,1.0234894533569947,0.180664
2025-08-14T13:18:38.377245,1.0160608516703122,0.178223
2025-08-14T13:18:38.785052,1.020316662510713,0.178223
2025-08-14T13:18:39.020052,1.019972661628242,0.181885
2025-08-14T13:18:39.224052,1.0270471929390588,0.178223
2025-08-14T13:18:39.531056,1.0203390918243798,0.206299
2025-08-14T13:18:39.890052,1.0160608516703122,0.183105
2025-08-14T13:18:40.085053,1.0199502242565566,0.192871
2025-08-14T13:18:40.278052,1.0153698496808934,0.180664
2025-08-14T13:18:40.560069,1.015707899020678,0.179443
2025-08-14T13:18:40.741069,1.01962106309403,0.197754
2025-08-14T13:18:40.926068,1.0199502242565566,0.189209
2025-08-14T13:18:41.103078,1.0195986179850385,0.20752
2025-08-14T13:18:41.313078,1.0200100676395307,0.179443
2025-08-14T13:18:41.491082,1.0238397234416137,0.179443
2025-08-14T13:18:41.973692,1.0238397234416137,0.180664
2025-08-14T13:18:42.149208,1.0234894533569947,0.185547
2025-08-14T13:18:42.334209,1.0234894533569947,0.180664
2025-08-14T13:18:42.542208,1.02426436492636,0.181885
2025-08-14T13:18:42.727599,1.0153698496808934,0.19165
2025-08-14T13:18:42.912600,1.0238397234416137,0.187988
2025-08-14T13:18:43.092636,1.019972661628242,0.184326
2025-08-14T13:18:43.269242,1.0160608516703122,0.201416
2025-08-14T13:18:43.468953,1.0195986179850385,0.180664
2025-08-14T13:18:43.646953,1.019972661628242,0.187988
2025-08-14T13:18:43.833953,1.020316662510713,0.183105
2025-08-14T13:18:44.015758,1.012170611448485,0.180664
2025-08-14T13:18:44.304757,1.020316662510713,0.181885
2025-08-14T13:18:44.595477,1.015707899020678,0.183105
2025-08-14T13:18:44.773477,1.011876626195605,0.194092
2025-08-14T13:18:44.960499,1.015707899020678,0.195312
2025-08-14T13:18:45.149189,1.019972661628242,0.202637
2025-08-14T13:18:45.336189,1.0199502242565566,0.179443
2025-08-14T13:18:45.726198,1.0118389195044832,0.183105
2025-08-14T13:18:45.919676,1.0277526111316868,0.202637
2025-08-14T13:18:46.099045,1.0160833749279634,0.179443
2025-08-14T13:18:46.576179,1.0199502242565566,0.185547
2025-08-14T13:18:46.756544,1.0157304301048582,0.202637
2025-08-14T13:18:46.941542,1.0157304301048582,0.184326
2025-08-14T13:18:47.232468,1.015707899020678,0.203857
2025-08-14T13:18:47.408394,1.011499577128928,0.180664
2025-08-14T13:18:47.692760,1.016451207211148,0.201416
2025-08-14T13:18:47.937403,1.0160833749279634,0.19043
2025-08-14T13:18:48.224404,1.0160608516703122,0.184326
2025-08-14T13:18:48.418013,1.020316662510713,0.179443
2025-08-14T13:18:48.592013,1.0277303436115914,0.179443
2025-08-14T13:18:48.786947,1.0235118131418903,0.200195
2025-08-14T13:18:49.167426,1.0192618590455549,0.183105
2025-08-14T13:18:49.352436,1.0157304301048582,0.180664
2025-08-14T13:18:49.539454,1.01962106309403,0.179443
2025-08-14T13:18:50.029454,1.0118163017643074,0.198975
2025-08-14T13:18:50.208454,1.0199502242565566,0.20752
2025-08-14T13:18:50.401509,1.0199502242565566,0.189209
2025-08-14T13:18:50.579511,1.015707899020678,0.179443
2025-08-14T13:18:50.754986,1.0160608516703122,0.201416
2025-08-14T13:18:50.947986,1.0199502242565566,0.186768
2025-08-14T13:18:51.147007,1.0157304301048582,0.192871
2025-08-14T13:18:51.335918,1.028094008841604,0.189209
2025-08-14T13:18:51.612458,1.0316200917353249,0.180664
2025-08-14T13:18:51.795451,1.0199502242565566,0.205078
2025-08-14T13:18:51.975463,1.0160833749279634,0.195312
2025-08-14T13:18:52.161416,1.0199502242565566,0.181885
2025-08-14T13:18:52.344417,1.0195986179850385,0.19165
2025-08-14T13:18:52.522218,1.015707899020678,0.185547
2025-08-14T13:18:52.697365,1.0157304301048582,0.184326
2025-08-14T13:18:52.871374,1.0160608516703122,0.20752
2025-08-14T13:18:53.055396,1.0238397234416137,0.184326
2025-08-14T13:18:53.236417,1.0160608516703122,0.179443
2025-08-14T13:18:53.433415,1.0153698496808934,0.181885
2025-08-14T13:18:53.610416,1.027440810529249,0.189209
2025-08-14T13:18:53.894116,1.0199502242565566,0.198975
2025-08-14T13:18:54.072843,1.012170611448485,0.184326
2025-08-14T13:18:54.253845,1.012539865149022,0.185547
2025-08-14T13:18:54.503846,1.015392388266231,0.180664
2025-08-14T13:18:54.905842,1.0195986179850385,0.203857
2025-08-14T13:18:55.129843,1.0238397234416137,0.179443
2025-08-14T13:18:55.341844,1.015707899020678,0.185547
2025-08-14T13:18:55.545843,1.0195986179850385,0.179443
2025-08-14T13:18:55.732845,1.0118163017643074,0.200195
2025-08-14T13:18:55.928843,1.0195986179850385,0.183105
2025-08-14T13:18:56.156842,1.024204770118261,0.203857
2025-08-14T13:18:56.350843,1.0118163017643074,0.183105
2025-08-14T13:18:56.547843,1.020316662510713,0.178223
2025-08-14T13:18:56.734843,1.0192618590455549,0.192871
2025-08-14T13:18:56.935842,1.0195986179850385,0.184326
2025-08-14T13:18:57.233844,1.0160608516703122,0.185547
2025-08-14T13:18:57.432843,1.0160608516703122,0.181885
2025-08-14T13:18:57.620842,1.0277303436115914,0.200195
2025-08-14T13:18:57.816842,1.0195986179850385,0.180664
2025-08-14T13:18:58.013845,1.01962106309403,0.185547
2025-08-14T13:18:58.216845,1.015707899020678,0.180664
2025-08-14T13:18:58.403842,1.015707899020678,0.201416
2025-08-14T13:18:58.629700,1.015707899020678,0.179443
2025-08-14T13:18:58.815696,1.019972661628242,0.184326
2025-08-14T13:18:59.098216,1.0199502242565566,0.19165
2025-08-14T13:18:59.285215,1.0118163017643074,0.202637
2025-08-14T13:18:59.467240,1.020316662510713,0.189209
2025-08-14T13:18:59.758170,1.0160608516703122,0.179443
2025-08-14T13:18:59.937170,1.0160608516703122,0.179443
2025-08-14T13:19:00.218169,1.0161209241138578,0.185547
2025-08-14T13:19:01.481967,1.0153698496808934,0.194092
2025-08-14T13:19:01.660672,1.0160608516703122,0.192871
2025-08-14T13:19:01.850671,1.0118389195044832,0.183105
2025-08-14T13:19:02.136809,1.012170611448485,0.19043
2025-08-14T13:19:02.316222,1.0199502242565566,0.184326
2025-08-14T13:19:02.500348,1.020316662510713,0.196533
2025-08-14T13:19:02.677316,1.0160608516703122,0.201416
2025-08-14T13:19:10.375199,1.0199502242565566,0.184326
2025-08-14T13:19:10.657931,1.0153698496808934,0.185547
2025-08-14T13:19:10.847573,1.0195986179850385,0.178223
2025-08-14T13:19:11.129309,1.0160608516703122,0.185547
2025-08-14T13:19:11.313986,1.0195986179850385,0.179443
2025-08-14T13:19:11.493358,1.0203390918243798,0.179443
2025-08-14T13:19:11.678405,1.023153975040414,0.187988
2025-08-14T13:19:11.863213,1.019972661628242,0.184326
2025-08-14T13:19:12.057213,1.0195986179850385,0.183105
2025-08-14T13:19:12.240213,1.01642869210437,0.183105
2025-08-14T13:19:12.424342,1.0203390918243798,0.179443
2025-08-14T13:19:12.607342,1.0157304301048582,0.181885
2025-08-14T13:19:12.906445,1.012193221271512,0.179443
2025-08-14T13:19:13.200626,1.0234894533569947,0.184326
2025-08-14T13:19:13.413445,1.0273813999756858,0.187988
2025-08-14T13:19:13.601445,1.0160608516703122,0.180664
2025-08-14T13:19:13.791444,1.0277526111316868,0.200195
2025-08-14T13:19:13.976445,1.028094008841604,0.179443
2025-08-14T13:19:14.162444,1.0118163017643074,0.179443
2025-08-14T13:19:14.343276,1.015707899020678,0.187988
2025-08-14T13:19:14.531275,1.0157304301048582,0.179443
2025-08-14T13:19:14.830478,1.0195986179850385,0.196533
2025-08-14T13:19:15.013478,1.0157304301048582,0.183105
2025-08-14T13:19:15.201478,1.0157304301048582,0.181885
2025-08-14T13:19:15.383707,1.012170611448485,0.183105
2025-08-14T13:19:15.566704,1.0274036750586404,0.181885
2025-08-14T13:19:15.748168,1.015707899020678,0.179443
2025-08-14T13:19:16.037229,1.0238397234416137,0.179443
2025-08-14T13:19:16.222229,1.0195986179850385,0.194092
2025-08-14T13:19:16.405229,1.0200100676395307,0.203857
2025-08-14T13:19:20.731680,1.0238620755770769,0.19043
2025-08-14T13:19:20.952685,1.0195986179850385,0.187988
2025-08-14T13:19:21.169684,1.015392388266231,0.184326
2025-08-14T13:19:21.360689,1.0157304301048582,0.185547
2025-08-14T13:19:21.587691,1.011876626195605,0.179443
2025-08-14T13:19:21.786690,1.0199502242565566,0.187988
2025-08-14T13:19:22.057690,1.015392388266231,0.194092
2025-08-14T13:19:22.260691,1.01642869210437,0.180664
2025-08-14T13:19:22.564196,1.0160608516703122,0.178223
2025-08-14T13:19:22.755196,1.0238620755770769,0.183105
2025-08-14T13:19:22.937195,1.0234894533569947,0.194092
2025-08-14T13:19:23.135196,1.0316200917353249,0.186768
2025-08-14T13:19:23.345196,1.019972661628242,0.184326
2025-08-14T13:19:23.783196,1.0192618590455549,0.187988
2025-08-14T13:19:23.976195,1.0195986179850385,0.181885
2025-08-14T13:19:24.182195,1.019321742841778,0.185547
2025-08-14T13:19:24.581642,1.012170611448485,0.20752
2025-08-14T13:19:24.782641,1.0238397234416137,0.183105
2025-08-14T13:19:25.081892,1.0160608516703122,0.180664
2025-08-14T13:19:25.270550,1.0199502242565566,0.186768
2025-08-14T13:19:25.457243,1.019658482003656,0.184326
2025-08-14T13:19:25.651560,1.019972661628242,0.196533
2025-08-14T13:19:25.832061,1.0153698496808934,0.181885
2025-08-14T13:19:26.014064,1.0199502242565566,0.180664
2025-08-14T13:19:26.201062,1.0200100676395307,0.178223
2025-08-14T13:19:26.400083,1.0234894533569947,0.179443
2025-08-14T13:19:26.587083,1.024204770118261,0.181885
2025-08-14T13:19:26.777083,1.0199502242565566,0.181885
2025-08-14T13:19:27.077111,1.0160608516703122,0.197754
2025-08-14T13:19:27.261110,1.0234894533569947,0.19165
2025-08-14T13:19:27.547353,1.020316662510713,0.180664
2025-08-14T13:19:27.735782,1.012170611448485,0.180664
2025-08-14T13:19:27.923222,1.0192618590455549,0.180664
2025-08-14T13:19:28.104022,1.0199502242565566,0.183105
2025-08-14T13:19:28.308017,1.0238397234416137,0.183105
2025-08-14T13:19:28.494068,1.012170611448485,0.202637
2025-08-14T13:19:28.756078,1.015707899020678,0.179443
2025-08-14T13:19:28.941075,1.0195986179850385,0.195312
2025-08-14T13:19:29.128693,1.0234894533569947,0.187988
2025-08-14T13:19:29.312694,1.0161209241138578,0.189209
2025-08-14T13:19:29.500713,1.0238397234416137,0.179443
2025-08-14T13:19:29.687082,1.012193221271512,0.183105
2025-08-14T13:19:29.974156,1.0238397234416137,0.179443
2025-08-14T13:19:30.180196,1.0274036750586404,0.189209
2025-08-14T13:19:30.433198,1.0238397234416137,0.179443
2025-08-14T13:19:30.626196,1.0118163017643074,0.185547
2025-08-14T13:19:30.841199,1.0199502242565566,0.195312
2025-08-14T13:19:31.249200,1.0160833749279634,0.186768
2025-08-14T13:19:31.469199,1.0118389195044832,0.181885
2025-08-14T13:19:31.764197,1.0199502242565566,0.180664
2025-08-14T13:19:31.973196,1.0238397234416137,0.178223
2025-08-14T13:19:32.160196,1.0199502242565566,0.187988
2025-08-14T13:19:32.359215,1.0238620755770769,0.198975
2025-08-14T13:19:32.560214,1.0242271142871584,0.194092
2025-08-14T13:19:32.863440,1.0118389195044832,0.192871
2025-08-14T13:19:33.147439,1.0160833749279634,0.181885
2025-08-14T13:19:33.345195,1.0238620755770769,0.19043
2025-08-14T13:19:33.553195,1.0234894533569947,0.206299
2025-08-14T13:19:33.813223,1.0160608516703122,0.180664
2025-08-14T13:19:34.029223,1.012539865149022,0.19165
2025-08-14T13:19:34.219784,1.0238397234416137,0.179443
2025-08-14T13:19:34.434785,1.012170611448485,0.185547
2025-08-14T13:19:34.718935,1.0199502242565566,0.184326
2025-08-14T13:19:34.937935,1.0242271142871584,0.179443
2025-08-14T13:19:35.121935,1.020316662510713,0.181885
2025-08-14T13:19:35.313983,1.0234894533569947,0.185547
2025-08-14T13:19:35.613983,1.0118163017643074,0.179443
2025-08-14T13:19:35.802711,1.0199502242565566,0.203857
2025-08-14T13:19:36.189262,1.0203390918243798,0.183105
2025-08-14T13:19:36.392203,1.019972661628242,0.186768
2025-08-14T13:19:36.799203,1.0122309147645117,0.184326
2025-08-14T13:19:37.010204,1.0203390918243798,0.185547
2025-08-14T13:19:37.198204,1.0199502242565566,0.194092
2025-08-14T13:19:37.512635,1.0195986179850385,0.179443
2025-08-14T13:19:37.947634,1.0199502242565566,0.19165
2025-08-14T13:19:38.139636,1.0238620755770769,0.195312
2025-08-14T13:19:38.344634,1.0235118131418903,0.179443
2025-08-14T13:19:38.634638,1.0207577163215569,0.184326
2025-08-14T13:19:38.911636,1.0234894533569947,0.194092
2025-08-14T13:19:39.110636,1.0160608516703122,0.192871
2025-08-14T13:19:39.309639,1.0199502242565566,0.185547
2025-08-14T13:19:39.536635,1.0195986179850385,0.196533
2025-08-14T13:19:39.844634,1.015707899020678,0.186768
2025-08-14T13:19:40.053637,1.015707899020678,0.192871
2025-08-14T13:19:40.246205,1.015707899020678,0.202637
2025-08-14T13:19:40.457206,1.012193221271512,0.206299
2025-08-14T13:19:40.775373,1.0274036750586404,0.181885
2025-08-14T13:19:40.978373,1.0203390918243798,0.184326
2025-08-14T13:19:41.268373,1.0195986179850385,0.180664
2025-08-14T13:19:41.482373,1.0199502242565566,0.179443
2025-08-14T13:19:41.674373,1.0238620755770769,0.185547
2025-08-14T13:19:41.877373,1.01642869210437,0.179443
2025-08-14T13:19:42.079374,1.0199502242565566,0.200195
2025-08-14T13:19:42.586943,1.0199502242565566,0.180664
2025-08-14T13:19:42.772943,1.0160608516703122,0.184326
2025-08-14T13:19:42.990942,1.0199502242565566,0.179443
2025-08-14T13:19:43.182944,1.019972661628242,0.19165
2025-08-14T13:19:43.386943,1.012539865149022,0.194092
2025-08-14T13:19:43.584942,1.0118163017643074,0.179443
2025-08-14T13:19:43.767932,1.0199502242565566,0.179443
2025-08-14T13:19:43.978930,1.0160608516703122,0.186768
2025-08-14T13:19:44.171930,1.0199502242565566,0.200195
2025-08-14T13:19:44.476344,1.0203390918243798,0.187988
2025-08-14T13:19:44.662345,1.012193221271512,0.180664
2025-08-14T13:19:44.863344,1.0118163017643074,0.184326
2025-08-14T13:19:45.064343,1.0238397234416137,0.205078
2025-08-14T13:19:45.391022,1.015707899020678,0.178223
2025-08-14T13:19:45.602019,1.0160833749279634,0.183105
2025-08-14T13:19:45.939017,1.0199502242565566,0.180664
2025-08-14T13:19:46.141018,1.015707899020678,0.184326
2025-08-14T13:19:46.345639,1.0160833749279634,0.186768
2025-08-14T13:19:46.561638,1.019972661628242,0.184326
2025-08-14T13:19:46.847453,1.01642869210437,0.186768
2025-08-14T13:19:47.025451,1.019972661628242,0.189209
2025-08-14T13:19:47.267863,1.0234894533569947,0.19043
2025-08-14T13:19:47.579865,1.012170611448485,0.185547
2025-08-14T13:19:47.763863,1.01642869210437,0.192871
2025-08-14T13:19:47.964863,1.012193221271512,0.186768
2025-08-14T13:19:48.162863,1.020316662510713,0.189209
2025-08-14T13:19:48.369863,1.01642869210437,0.184326
2025-08-14T13:19:48.558863,1.024204770118261,0.181885
2025-08-14T13:19:48.746863,1.01962106309403,0.187988
2025-08-14T13:19:48.928238,1.020316662510713,0.183105
2025-08-14T13:19:49.228713,1.015707899020678,0.183105
2025-08-14T13:19:49.438711,1.0082814964939106,0.183105
2025-08-14T13:19:49.854964,1.01642869210437,0.179443
2025-08-14T13:19:50.038965,1.019972661628242,0.180664
2025-08-14T13:19:50.460964,1.015707899020678,0.186768
2025-08-14T13:19:50.773170,1.00830419352495,0.179443
2025-08-14T13:19:50.990166,1.015707899020678,0.181885
2025-08-14T13:19:51.211166,1.0277303436115914,0.178223
2025-08-14T13:19:51.436167,1.0312946552833484,0.181885
2025-08-14T13:19:51.778168,1.012193221271512,0.192871
2025-08-14T13:19:51.957663,1.016451207211148,0.180664
2025-08-14T13:19:52.379011,1.015392388266231,0.179443
2025-08-14T13:19:52.767121,1.0242271142871584,0.200195
2025-08-14T13:19:52.947124,1.0277303436115914,0.189209
2025-08-14T13:19:53.128121,1.015707899020678,0.183105
2025-08-14T13:19:53.345121,1.0118389195044832,0.185547
2025-08-14T13:19:53.542122,1.015707899020678,0.179443
2025-08-14T13:19:54.047122,1.0238397234416137,0.185547
2025-08-14T13:19:54.260121,1.0199502242565566,0.19165
2025-08-14T13:19:54.494122,1.0125624667268682,0.179443
2025-08-14T13:19:54.692121,1.0238397234416137,0.181885
2025-08-14T13:19:54.876121,1.0238620755770769,0.178223
2025-08-14T13:19:55.070122,1.0160833749279634,0.184326
2025-08-14T13:19:55.270639,1.0160608516703122,0.194092
2025-08-14T13:19:55.552639,1.0160608516703122,0.179443
2025-08-14T13:19:55.742639,1.015707899020678,0.205078
2025-08-14T13:19:55.917475,1.015707899020678,0.179443
2025-08-14T13:19:56.098504,1.0199502242565566,0.185547
2025-08-14T13:19:56.305504,1.015707899020678,0.195312
2025-08-14T13:19:56.511504,1.0160608516703122,0.180664
2025-08-14T13:19:56.701504,1.01962106309403,0.187988
2025-08-14T13:19:56.890504,1.0157679923378171,0.19165
2025-08-14T13:19:57.073214,1.0199502242565566,0.181885
2025-08-14T13:19:57.276211,1.0153698496808934,0.187988
2025-08-14T13:19:58.572236,1.023153975040414,0.179443
2025-08-14T13:19:58.772240,1.01962106309403,0.203857
2025-08-14T13:19:58.958236,1.0118163017643074,0.196533
2025-08-14T13:19:59.131236,1.0238397234416137,0.180664
2025-08-14T13:19:59.609198,1.0234894533569947,0.19165
2025-08-14T13:19:59.795314,1.0168114041654923,0.178223
2025-08-14T14:01:04.103473,1.0145580000901873,0.24292
2025-08-14T14:01:04.306971,1.0188126011249563,0.26001
2025-08-14T14:01:04.548421,1.014918868948154,0.247803
2025-08-14T14:01:04.757421,1.0224154634408655,0.240478
2025-08-14T14:01:04.961581,1.018243280326465,0.241699
2025-08-14T14:01:05.162061,1.0188126011249563,0.241699
2025-08-14T14:01:05.360047,1.014918868948154,0.244141
2025-08-14T14:01:05.569912,1.0145580000901873,0.239258
2025-08-14T14:01:05.773213,1.0181233976930302,0.252686
2025-08-14T14:01:05.983321,1.022788499852242,0.245361
2025-08-14T14:01:06.194461,1.018400675346889,0.24292
2025-08-14T14:01:06.398429,1.018453111935449,0.24292
2025-08-14T14:01:06.599450,1.0259694234298604,0.241699
2025-08-14T14:01:06.809449,1.022706426863056,0.240478
2025-08-14T14:01:07.005457,1.0185205253439913,0.239258
2025-08-14T14:01:07.214762,1.0188126011249563,0.245361
2025-08-14T14:01:07.412321,1.0103825737377896,0.241699
2025-08-14T14:01:07.610713,1.018243280326465,0.24292
2025-08-14T14:01:07.814119,1.0146256722964386,0.240478
2025-08-14T14:01:08.015221,1.0147083988841328,0.24292
2025-08-14T14:01:08.212565,1.0145580000901873,0.24292
2025-08-14T14:01:08.423717,1.0188126011249563,0.245361
2025-08-14T14:01:08.626730,1.0188949877656677,0.247803
2025-08-14T14:01:08.832245,1.0107299081683494,0.239258
2025-08-14T14:01:09.029245,1.010661975108394,0.241699
2025-08-14T14:01:09.231488,1.0188949877656677,0.239258
2025-08-14T14:01:09.435734,1.0146256722964386,0.239258
2025-08-14T14:01:09.646662,1.0223483068636636,0.256348
2025-08-14T14:01:09.869129,1.01874520704394,0.241699
2025-08-14T14:01:10.073150,1.0145580000901873,0.267334
2025-08-14T14:01:10.269200,1.0224154634408655,0.251465
2025-08-14T14:01:10.470995,1.010661975108394,0.258789
2025-08-14T14:01:10.669604,1.0109563213086905,0.257568
2025-08-14T14:01:10.874607,1.0180634741041443,0.267334
2025-08-14T14:01:11.071339,1.0224154634408655,0.239258
2025-08-14T14:01:11.291388,1.011265668818041,0.264893
2025-08-14T14:01:11.493140,1.0145580000901873,0.239258
2025-08-14T14:01:11.690867,1.0224975597848631,0.241699
2025-08-14T14:01:11.902882,1.01874520704394,0.24292
2025-08-14T14:01:12.102882,1.0146256722964386,0.26123
2025-08-14T14:01:12.301882,1.022706426863056,0.244141
2025-08-14T14:01:12.498138,1.0266013420164617,0.256348
2025-08-14T14:01:12.704500,1.018453111935449,0.241699
2025-08-14T14:01:12.912826,1.023012221277439,0.258789
2025-08-14T14:01:13.111408,1.018453111935449,0.240478
2025-08-14T14:01:13.310705,1.0188126011249563,0.24292
2025-08-14T14:01:13.506897,1.0188126011249563,0.24292
2025-08-14T14:01:13.703860,1.0146256722964386,0.245361
2025-08-14T14:01:13.910847,1.018175848561534,0.250244
2025-08-14T14:01:14.122281,1.0146256722964386,0.244141
2025-08-14T14:01:14.318643,1.0186927854907977,0.257568
2025-08-14T14:01:14.512290,1.01874520704394,0.256348
2025-08-14T14:01:14.709796,1.0188126011249563,0.230713
2025-08-14T14:01:14.925507,1.0145580000901873,0.20752
2025-08-14T14:01:15.127103,1.0147083988841328,0.198975
2025-08-14T14:01:15.324090,1.014918868948154,0.39917
2025-08-14T14:01:15.513926,1.011024234590843,0.205078
2025-08-14T14:01:15.706197,1.0067670323476032,0.197754
2025-08-14T14:01:15.940760,1.0152270090393578,0.206299
2025-08-14T14:01:16.139975,1.0224154634408655,0.52124
2025-08-14T14:01:16.349986,1.018453111935449,0.177002
2025-08-14T14:01:16.540774,1.0145580000901873,0.546875
2025-08-14T14:01:16.741365,1.014918868948154,0.195312
2025-08-14T14:01:16.947976,1.0262445811939764,0.20874
2025-08-14T14:01:17.145287,1.0145053621755775,0.201416
2025-08-14T14:01:17.345744,1.0186927854907977,0.43457
2025-08-14T14:01:17.539732,1.0186927854907977,0.205078
2025-08-14T14:01:17.734396,1.018453111935449,0.19043
2025-08-14T14:01:17.945985,1.019052190131104,3.419189
2025-08-14T14:01:18.139473,1.0145580000901873,0.19165
2025-08-14T14:01:18.337491,1.0257760752917764,0.205078
2025-08-14T14:01:18.543293,1.0152270090393578,0.821533
2025-08-14T14:01:18.741959,1.0224975597848631,0.270996
2025-08-14T14:01:18.947536,1.0223483068636636,0.195312
2025-08-14T14:01:19.145537,1.0307988354950737,0.192871
2025-08-14T14:01:19.344525,1.0147083988841328,0.194092
2025-08-14T14:01:19.548537,1.0145580000901873,0.19043
2025-08-14T14:01:19.746537,1.0188949877656677,0.621338
2025-08-14T14:01:19.945388,1.0067139870678263,0.203857
2025-08-14T14:01:20.145608,1.0185205253439913,0.281982
2025-08-14T14:01:20.343130,1.022788499852242,0.343018
2025-08-14T14:01:20.540934,1.0188126011249563,1.175537
2025-08-14T14:01:20.741613,1.0191195639114186,0.19043
2025-08-14T14:01:20.948599,1.02229607007119,0.203857
2025-08-14T14:01:21.141782,1.018453111935449,0.598144
2025-08-14T14:01:21.334226,1.0109563213086905,0.19165
2025-08-14T14:01:21.526056,1.0188949877656677,2.856445
2025-08-14T14:01:21.716224,1.0107299081683494,0.83374
2025-08-14T14:01:21.945083,1.010812953591811,0.186768
2025-08-14T14:01:22.138077,1.0188126011249563,0.263672
2025-08-14T14:01:22.334345,1.0147083988841328,0.220947
2025-08-14T14:01:22.528499,1.0103825737377896,1.048584
2025-08-14T14:01:22.721343,1.0226392893933811,0.228271
2025-08-14T14:01:22.926606,1.014918868948154,0.27832
2025-08-14T14:01:23.125606,1.0185205253439913,0.239258
2025-08-14T14:01:23.324321,1.0261925427355238,0.269775
2025-08-14T14:01:23.514230,1.0150015716391774,0.241699
2025-08-14T14:01:23.705230,1.0106091342680412,0.281982
2025-08-14T14:01:23.913130,1.0146256722964386,0.224609
2025-08-14T14:01:24.122125,1.0185205253439913,0.240478
2025-08-14T14:01:24.318416,1.0104505255820295,0.219727
2025-08-14T14:01:24.507539,1.022706426863056,0.531006
2025-08-14T14:01:24.699539,1.018453111935449,0.219727
2025-08-14T14:01:24.901990,1.0188126011249563,0.441894
2025-08-14T14:01:25.098094,1.018453111935449,0.213623
2025-08-14T14:01:25.301545,1.018243280326465,0.313721
2025-08-14T14:01:25.489563,1.0221392748867444,0.631103
2025-08-14T14:01:25.678106,1.0266013420164617,0.223389
2025-08-14T14:01:25.885421,1.0145580000901873,0.239258
2025-08-14T14:01:26.084220,1.0188126011249563,0.244141
2025-08-14T14:01:26.296163,1.014918868948154,0.692139
2025-08-14T14:01:26.493214,1.014918868948154,0.718994
2025-08-14T14:01:26.684053,1.018453111935449,0.341797
2025-08-14T14:01:26.880024,1.0188126011249563,0.716553
2025-08-14T14:01:27.075949,1.0150015716391774,0.269775
2025-08-14T14:01:27.267023,1.0109563213086905,0.26123
2025-08-14T14:01:27.461747,1.014918868948154,0.393066
2025-08-14T14:01:27.657998,1.019052190131104,0.316162
2025-08-14T14:01:27.854024,1.018453111935449,0.266113
2025-08-14T14:01:28.059814,1.014918868948154,0.238037
2025-08-14T14:01:28.253885,1.011024234590843,0.330811
2025-08-14T14:01:28.446513,1.0261925427355238,0.220947
2025-08-14T14:01:28.637935,1.0189923211614502,0.255127
2025-08-14T14:01:28.836033,1.018243280326465,0.26123
2025-08-14T14:01:29.044041,1.0189997843704384,0.424805
2025-08-14T14:01:29.237044,1.0186927854907977,0.238037
2025-08-14T14:01:29.429581,1.0109563213086905,0.238037
2025-08-14T14:01:29.627329,1.018175848561534,0.216064
2025-08-14T14:01:29.824023,1.0103297182845803,0.245361
2025-08-14T14:01:30.024543,1.010812953591811,0.214844
2025-08-14T14:01:30.229138,1.0111072558403484,0.223389
2025-08-14T14:01:30.451687,1.0107299081683494,0.919189
2025-08-14T14:01:30.667357,1.011024234590843,0.255127
2025-08-14T14:01:30.861493,1.0188126011249563,0.330811
2025-08-14T14:01:31.053527,1.0185205253439913,0.251465
2025-08-14T14:01:31.248515,1.0186927854907977,0.256348
2025-08-14T14:01:31.441849,1.0226392893933811,0.269775
2025-08-14T14:01:31.632848,1.0107299081683494,0.26001
2025-08-14T14:01:31.838848,1.0229451038775248,0.266113
2025-08-14T14:01:32.034405,1.015309686630636,0.257568
2025-08-14T14:01:32.236150,1.0188126011249563,0.2771
2025-08-14T14:01:32.430965,1.0142796719495073,0.257568
2025-08-14T14:01:32.618316,1.014918868948154,0.264893
2025-08-14T14:01:32.807329,1.01874520704394,0.281982
2025-08-14T14:01:33.002160,1.018453111935449,0.257568
2025-08-14T14:01:33.198169,1.022706426863056,0.285645
2025-08-14T14:01:33.390669,1.0185205253439913,0.267334
2025-08-14T14:01:33.581818,1.0146256722964386,0.264893
2025-08-14T14:01:33.774516,1.0111072558403484,0.284424
2025-08-14T14:01:33.974213,1.0185205253439913,0.274658
2025-08-14T14:01:34.166268,1.0191195639114186,0.267334
2025-08-14T14:01:34.358569,1.010661975108394,0.289307
2025-08-14T14:01:34.550429,1.0109563213086905,0.275879
2025-08-14T14:01:34.740256,1.0147083988841328,0.290527
2025-08-14T14:01:34.951230,1.011024234590843,0.272217
2025-08-14T14:01:35.167243,1.0143473627244268,0.292969
2025-08-14T14:01:35.362659,1.0107299081683494,0.29541
2025-08-14T14:01:35.562680,1.0186029356083752,0.2771
2025-08-14T14:01:35.757317,1.0188126011249563,0.279541
2025-08-14T14:01:35.966444,1.0185205253439913,0.281982
2025-08-14T14:01:36.174739,1.0150015716391774,0.300293
2025-08-14T14:01:36.368495,1.01874520704394,0.280762
2025-08-14T14:01:36.573296,1.0152270090393578,0.294189
2025-08-14T14:01:36.773602,1.014851216292812,0.280762
2025-08-14T14:01:39.109188,1.018453111935449,0.294189
2025-08-14T14:01:39.300004,1.014430112008215,0.281982
2025-08-14T14:01:39.503457,1.0260363429961925,0.305176
2025-08-14T14:01:39.693459,1.0214001061082771,0.283203
2025-08-14T14:01:39.886605,1.03020658814531,0.280762
2025-08-14T14:01:40.081593,1.0191195639114186,0.281982
2025-08-14T14:01:40.314176,1.0186029356083752,0.301514
2025-08-14T14:01:40.508190,1.011024234590843,0.289307
2025-08-14T14:01:40.694862,1.0224154634408655,0.286865
2025-08-14T14:01:40.892115,1.026534459282298,0.279541
2025-08-14T14:01:41.095115,1.0152270090393578,0.285645
2025-08-14T14:01:41.291073,1.014918868948154,0.279541
2025-08-14T14:01:41.485054,1.030288063670059,0.285645
2025-08-14T14:01:41.680605,1.014851216292812,0.291748
2025-08-14T14:01:41.868591,1.018400675346889,0.285645
2025-08-14T14:01:42.058377,1.01874520704394,0.290527
2025-08-14T14:01:42.253257,1.0188126011249563,0.281982
2025-08-14T14:01:42.452097,1.0229451038775248,0.280762
2025-08-14T14:01:42.639790,1.026683103646398,0.285645
2025-08-14T14:01:42.835407,1.010661975108394,0.281982
2025-08-14T14:01:43.041072,1.010661975108394,0.280762
2025-08-14T14:01:43.272556,1.0188126011249563,0.283203
2025-08-14T14:01:43.503037,1.0223483068636636,0.284424
2025-08-14T14:01:43.695047,1.010661975108394,0.285645
2025-08-14T14:01:43.907741,1.0071306928209465,0.284424
2025-08-14T14:01:44.106051,1.0188126011249563,0.288086
2025-08-14T14:01:44.331896,1.0150992783575408,0.286865
2025-08-14T14:01:44.542707,1.03020658814531,0.284424
2025-08-14T14:01:44.736928,1.0186029356083752,0.289307
2025-08-14T14:01:44.940587,1.0107299081683494,0.284424
2025-08-14T14:01:45.151587,1.0224975597848631,0.289307
2025-08-14T14:01:45.341587,1.0224975597848631,0.296631
2025-08-14T14:01:45.539688,1.0188126011249563,0.289307
2025-08-14T14:01:45.749150,1.0186029356083752,0.288086
2025-08-14T14:01:45.962257,1.018453111935449,0.311279
2025-08-14T14:01:46.171257,1.01874520704394,0.291748
2025-08-14T14:01:46.367881,1.0188126011249563,0.285645
2025-08-14T14:01:46.567504,1.014918868948154,0.292969
2025-08-14T14:01:46.760105,1.0185205253439913,0.310059
2025-08-14T14:01:46.959346,1.014851216292812,0.286865
2025-08-14T14:01:47.156773,1.011024234590843,0.290527
2025-08-14T14:01:47.348772,1.05400703141203,0.289307
2025-08-14T14:01:47.539700,1.0234894533569947,0.306396
2025-08-14T14:01:47.734971,1.022527374901034,0.292969
2025-08-14T14:01:47.939979,1.0184231008303966,0.288086
2025-08-14T14:01:48.138486,1.0224154634408655,0.289307
2025-08-14T14:01:48.350605,1.0185205253439913,0.288086
2025-08-14T14:01:48.546430,1.018400675346889,0.291748
2025-08-14T14:01:48.736444,1.0146256722964386,0.296631
2025-08-14T14:01:48.936157,1.018453111935449,0.288086
2025-08-14T14:01:49.136194,1.0069185948431978,0.290527
2025-08-14T14:01:49.333857,1.0221392748867444,0.289307
2025-08-14T14:01:49.559924,1.0188949877656677,0.288086
2025-08-14T14:01:49.762912,1.0107299081683494,0.289307
2025-08-14T14:01:49.972318,1.010812953591811,0.29541
2025-08-14T14:01:50.175316,1.0185205253439913,0.288086
2025-08-14T14:01:50.382356,1.0224154634408655,0.289307
2025-08-14T14:01:50.595359,1.018453111935449,0.314941
2025-08-14T14:01:50.856627,1.022706426863056,0.294189
2025-08-14T14:01:51.073627,1.0188126011249563,0.288086
2025-08-14T14:01:51.295049,1.018243280326465,0.291748
2025-08-14T14:01:51.501382,1.0188949877656677,0.294189
2025-08-14T14:01:51.708382,1.018453111935449,0.297852
2025-08-14T14:01:51.951385,1.0224975597848631,0.291748
2025-08-14T14:01:52.185455,1.0224154634408655,0.29541
2025-08-14T14:01:52.426865,1.0225945502778704,0.286865
2025-08-14T14:01:52.692486,1.0226392893933811,0.294189
2025-08-14T14:01:52.963107,1.0263114828189346,0.294189
2025-08-14T14:01:53.215107,1.0185205253439913,0.303955
2025-08-14T14:01:53.476849,1.022706426863056,0.292969
2025-08-14T14:01:53.678631,1.0188126011249563,0.290527
2025-08-14T14:01:53.925269,1.0146256722964386,0.294189
2025-08-14T14:01:54.205416,1.0188126011249563,0.291748
2025-08-14T14:01:54.459179,1.018243280326465,0.290527
2025-08-14T14:01:54.753181,1.0145580000901873,0.289307
2025-08-14T14:01:55.034188,1.0188126011249563,0.290527
2025-08-14T14:01:55.377031,1.014918868948154,0.288086
2025-08-14T14:01:55.674030,1.0143473627244268,0.303955
2025-08-14T14:01:55.993761,1.0146256722964386,0.289307
2025-08-14T14:01:56.306760,1.019052190131104,0.303955
2025-08-14T14:01:56.591476,1.0266013420164617,0.289307
2025-08-14T14:01:56.873854,1.010661975108394,0.314941
2025-08-14T14:01:57.148408,1.0262445811939764,0.307617
2025-08-14T14:01:57.444940,1.0221392748867444,0.294189
2025-08-14T14:01:57.756543,1.0266013420164617,0.290527
2025-08-14T14:01:58.022269,1.014918868948154,0.291748
2025-08-14T14:01:58.304256,1.0183257130275165,0.296631
2025-08-14T14:01:58.585269,1.0113335613268255,0.292969
2025-08-14T14:01:58.876503,1.014851216292812,0.289307
2025-08-14T14:01:59.136494,1.014918868948154,0.302734
2025-08-14T14:01:59.427203,1.0145580000901873,0.294189
2025-08-14T14:01:59.696211,1.010661975108394,0.301514
2025-08-14T14:02:00.044177,1.0230942697356875,0.300293
2025-08-14T14:02:00.402859,1.0226392893933811,0.294189
2025-08-14T14:02:00.699820,1.010661975108394,0.296631
2025-08-14T14:02:00.986449,1.0263114828189346,0.291748
2025-08-14T14:02:01.307671,1.014851216292812,0.297852
2025-08-14T14:02:01.607804,1.014918868948154,0.291748
2025-08-14T14:02:01.889803,1.0107299081683494,0.291748
2025-08-14T14:02:02.184678,1.0152270090393578,0.306396
2025-08-14T14:02:02.506678,1.0188126011249563,0.294189
2025-08-14T14:02:02.791955,1.0103825737377896,0.289307
2025-08-14T14:02:03.084447,1.0145580000901873,0.299072
2025-08-14T14:02:03.380625,1.0142796719495073,0.292969
2025-08-14T14:02:03.689227,1.0185205253439913,0.291748
2025-08-14T14:02:03.996496,1.0187002969087622,0.292969
2025-08-14T14:02:04.270025,1.018243280326465,0.311279
2025-08-14T14:02:04.536040,1.018175848561534,0.296631
2025-08-14T14:02:04.838905,1.014918868948154,0.294189
2025-08-14T14:02:05.151912,1.018453111935449,0.29541
2025-08-14T14:02:05.434914,1.0188126011249563,0.290527
2025-08-14T14:02:05.730512,1.0266013420164617,0.292969
2025-08-14T14:02:06.025206,1.0111072558403484,0.294189
2025-08-14T14:02:06.311802,1.022788499852242,0.29541
2025-08-14T14:02:06.586789,1.011024234590843,0.307617
2025-08-14T14:02:06.865792,1.01874520704394,0.292969
2025-08-14T14:02:07.173855,1.0266013420164617,0.294189
2025-08-14T14:02:07.442846,1.0183257130275165,0.290527
2025-08-14T14:02:07.718183,1.0145580000901873,0.299072
2025-08-14T14:02:07.996842,1.0185205253439913,0.291748
2025-08-14T14:02:08.301452,1.0140163866634504,0.292969
2025-08-14T14:02:08.587061,1.0224154634408655,0.294189
2025-08-14T14:02:08.864072,1.01874520704394,0.292969
2025-08-14T14:02:09.150118,1.0226392893933811,0.290527
2025-08-14T14:02:09.435646,1.018453111935449,0.290527
2025-08-14T14:02:09.715725,1.0188126011249563,0.296631
2025-08-14T14:02:10.026515,1.022706426863056,0.290527
2025-08-14T14:02:10.312222,1.018453111935449,0.305176
2025-08-14T14:02:10.613222,1.018243280326465,0.292969
2025-08-14T14:02:10.873161,1.018453111935449,0.291748
2025-08-14T14:02:11.144173,1.022788499852242,0.311279
2025-08-14T14:02:11.394261,1.015309686630636,0.310059
2025-08-14T14:02:11.618878,1.0185205253439913,0.302734
2025-08-14T14:02:11.849877,1.0188126011249563,0.297852
2025-08-14T14:02:12.118890,1.022788499852242,0.291748
2025-08-14T14:02:12.337891,1.022788499852242,0.294189
2025-08-14T14:02:12.554892,1.0145053621755775,0.29541
2025-08-14T14:02:12.777889,1.0224154634408655,0.290527
2025-08-14T14:02:13.007976,1.018453111935449,0.296631
2025-08-14T14:02:13.271928,1.0107299081683494,0.294189
2025-08-14T14:02:13.502961,1.0119294008501778,0.290527
2025-08-14T14:02:13.746507,1.0119972488307465,0.296631
2025-08-14T14:02:13.985179,1.0223483068636636,0.294189
2025-08-14T14:02:14.297061,1.0186029356083752,0.29541
2025-08-14T14:02:14.536694,1.0188949877656677,0.289307
2025-08-14T14:02:14.774310,1.0150015716391774,0.294189
2025-08-14T14:02:15.029309,1.0107299081683494,0.303955
2025-08-14T14:02:15.281903,1.01874520704394,0.314941
2025-08-14T14:02:15.517768,1.014918868948154,0.289307
2025-08-14T14:02:15.744793,1.018453111935449,0.292969
2025-08-14T14:02:15.986304,1.0224154634408655,0.305176
2025-08-14T14:02:16.217318,1.014851216292812,0.29541
2025-08-14T14:02:16.472141,1.0147083988841328,0.294189
2025-08-14T14:02:16.704128,1.0071306928209465,0.294189
2025-08-14T14:02:16.985221,1.010661975108394,0.291748
2025-08-14T14:02:17.222198,1.0146256722964386,0.29541
2025-08-14T14:02:17.488198,1.0107299081683494,0.290527
2025-08-14T14:02:17.748188,1.0113335613268255,0.291748
2025-08-14T14:02:18.042188,1.022706426863056,0.290527
2025-08-14T14:02:18.333826,1.014430112008215,0.291748
2025-08-14T14:02:18.559783,1.0222213934119164,0.29541
2025-08-14T14:02:18.783772,1.0226392893933811,0.308838
2025-08-14T14:02:19.029781,1.018243280326465,0.29541
2025-08-14T14:02:19.257248,1.0107299081683494,0.289307
2025-08-14T14:02:19.490238,1.0304953517226558,0.296631
2025-08-14T14:02:19.713236,1.026489889936087,0.301514
2025-08-14T14:02:19.945099,1.0185205253439913,0.291748
2025-08-14T14:02:20.141108,1.0224154634408655,0.300293
2025-08-14T14:02:20.385099,1.0147083988841328,0.306396
2025-08-14T14:02:20.629098,1.0223483068636636,0.294189
2025-08-14T14:02:20.884316,1.0219601541356689,0.291748
2025-08-14T14:02:21.133133,1.0147083988841328,0.297852
2025-08-14T14:02:21.383070,1.01874520704394,0.297852
2025-08-14T14:02:21.622056,1.0146256722964386,0.290527
2025-08-14T14:02:21.863433,1.0186927854907977,0.299072
2025-08-14T14:02:22.120959,1.0192019257389575,0.290527
2025-08-14T14:02:22.407760,1.018243280326465,0.307617
2025-08-14T14:02:22.640499,1.0145580000901873,0.296631
2025-08-14T14:02:22.881118,1.019052190131104,0.314941
2025-08-14T14:02:23.114923,1.0145580000901873,0.291748
2025-08-14T14:02:23.336911,1.0226392893933811,0.290527
2025-08-14T14:02:23.550924,1.018453111935449,0.290527
2025-08-14T14:02:23.779923,1.014851216292812,0.303955
2025-08-14T14:02:24.021592,1.018175848561534,0.291748
2025-08-14T14:02:24.234592,1.0226392893933811,0.297852
2025-08-14T14:02:24.481595,1.01874520704394,0.294189
2025-08-14T14:02:24.713341,1.0146256722964386,0.292969
2025-08-14T14:02:24.956339,1.0224154634408655,0.29541
2025-08-14T14:02:25.216343,1.0109563213086905,0.297852
2025-08-14T14:02:25.495827,1.0107299081683494,0.300293
2025-08-14T14:02:25.709832,1.0113335613268255,0.292969
2025-08-14T14:02:25.944825,1.01874520704394,0.299072
2025-08-14T14:02:26.166825,1.0146256722964386,0.297852
2025-08-14T14:02:26.408423,1.0145580000901873,0.294189
2025-08-14T14:02:26.642028,1.018243280326465,0.316162
2025-08-14T14:02:26.890027,1.0229451038775248,0.307617
2025-08-14T14:02:27.141346,1.0147985935874173,0.302734
2025-08-14T14:02:27.379337,1.0143473627244268,0.310059
2025-08-14T14:02:27.624347,1.01874520704394,0.290527
2025-08-14T14:02:27.850345,1.014851216292812,0.307617
2025-08-14T14:02:28.097270,1.0191195639114186,0.296631
2025-08-14T14:02:28.335274,1.0188949877656677,0.29541
2025-08-14T14:02:28.585277,1.0263114828189346,0.308838
2025-08-14T14:02:28.810376,1.0107299081683494,0.311279
2025-08-14T14:02:29.026376,1.0223483068636636,0.294189
2025-08-14T14:02:29.238368,1.011024234590843,0.291748
2025-08-14T14:02:29.464242,1.0224154634408655,0.306396
2025-08-14T14:02:29.700659,1.022706426863056,0.294189
2025-08-14T14:02:29.922646,1.0146256722964386,0.290527
2025-08-14T14:02:30.144656,1.0188126011249563,0.306396
2025-08-14T14:02:30.367658,1.018243280326465,0.290527
2025-08-14T14:02:30.598646,1.018453111935449,0.306396
2025-08-14T14:02:30.815600,1.0143473627244268,0.290527
2025-08-14T14:02:31.084245,1.0191195639114186,0.307617
2025-08-14T14:02:31.332963,1.0142796719495073,0.294189
2025-08-14T14:02:31.684965,1.018243280326465,0.290527
2025-08-14T14:02:31.927966,1.0150015716391774,0.291748
2025-08-14T14:02:32.184031,1.0107299081683494,0.290527
2025-08-14T14:02:32.417041,1.0145580000901873,0.290527
2025-08-14T14:02:32.650034,1.026534459282298,0.291748
2025-08-14T14:02:32.904036,1.0142796719495073,0.290527
2025-08-14T14:02:33.201702,1.0145580000901873,0.299072
2025-08-14T14:02:33.448398,1.01874520704394,0.294189
2025-08-14T14:02:33.665399,1.0226392893933811,0.292969
2025-08-14T14:02:33.893404,1.0147083988841328,0.290527
2025-08-14T14:02:34.140290,1.019052190131104,0.290527
2025-08-14T14:02:34.368297,1.0146256722964386,0.292969
2025-08-14T14:02:35.715106,1.0188949877656677,0.29541
2025-08-14T14:02:35.914296,1.0150015716391774,0.29541
2025-08-14T14:02:36.110306,1.0145580000901873,0.291748
2025-08-14T14:02:36.356157,1.0188126011249563,0.291748
2025-08-14T14:02:36.592162,1.0224154634408655,0.291748
2025-08-14T14:02:36.849305,1.018453111935449,0.294189
2025-08-14T14:02:37.099584,1.0143473627244268,0.291748
2025-08-14T14:02:37.341575,1.018453111935449,0.291748
2025-08-14T14:02:37.614476,1.018453111935449,0.306396
2025-08-14T14:02:37.873395,1.014851216292812,0.299072
2025-08-14T14:02:38.130998,1.014918868948154,0.291748
2025-08-14T14:02:38.383110,1.0185205253439913,0.297852
2025-08-14T14:02:38.615109,1.014918868948154,0.291748
2025-08-14T14:02:38.858107,1.0188126011249563,0.291748
2025-08-14T14:02:39.116784,1.014918868948154,0.291748
2025-08-14T14:02:39.358139,1.0109563213086905,0.291748
2025-08-14T14:02:39.587148,1.018243280326465,0.296631
2025-08-14T14:02:39.828148,1.0191195639114186,0.307617
2025-08-14T14:02:40.072970,1.0224154634408655,0.292969
2025-08-14T14:02:40.348874,1.014430112008215,0.301514
2025-08-14T14:02:40.598885,1.01874520704394,0.291748
2025-08-14T14:02:40.847871,1.018453111935449,0.291748
2025-08-14T14:02:41.097885,1.014851216292812,0.294189
2025-08-14T14:02:41.365875,1.0223483068636636,0.291748
2025-08-14T14:02:41.621573,1.0150015716391774,0.291748
2025-08-14T14:02:41.874583,1.011024234590843,0.3125
2025-08-14T14:02:42.135844,1.0262445811939764,0.296631
2025-08-14T14:02:42.387845,1.018175848561534,0.310059
2025-08-14T14:02:42.650846,1.0185205253439913,0.311279
2025-08-14T14:02:42.892842,1.018243280326465,0.300293
2025-08-14T14:02:43.145526,1.0226392893933811,0.291748
2025-08-14T14:02:43.394518,1.0150015716391774,0.291748
2025-08-14T14:02:43.646526,1.0145580000901873,0.296631
2025-08-14T14:02:43.881783,1.0224154634408655,0.297852
2025-08-14T14:02:44.140780,1.0143473627244268,0.290527
2025-08-14T14:02:44.371669,1.01874520704394,0.301514
2025-08-14T14:02:44.715665,1.0185205253439913,0.305176
2025-08-14T14:02:44.965664,1.0146256722964386,0.296631
2025-08-14T14:02:45.240246,1.0188949877656677,0.291748
2025-08-14T14:02:45.505839,1.0269059765947417,0.292969
2025-08-14T14:02:45.718957,1.022706426863056,0.305176
2025-08-14T14:02:45.954970,1.026683103646398,0.297852
2025-08-14T14:02:46.177969,1.014918868948154,0.308838
2025-08-14T14:02:46.416970,1.018453111935449,0.294189
2025-08-14T14:02:46.650725,1.026683103646398,0.292969
2025-08-14T14:02:46.879736,1.0263114828189346,0.29541
2025-08-14T14:02:47.127004,1.018453111935449,0.296631
2025-08-14T14:02:47.410012,1.0188949877656677,0.291748
2025-08-14T14:02:47.694189,1.0186029356083752,0.296631
2025-08-14T14:02:47.980189,1.018453111935449,0.294189
2025-08-14T14:02:48.286189,1.0146256722964386,0.292969
2025-08-14T14:02:49.239162,1.014430112008215,0.269775
2025-08-14T14:02:49.535162,1.0145580000901873,0.266113
2025-08-14T14:02:49.827646,1.0146256722964386,0.286865
2025-08-14T14:02:50.106652,1.018175848561534,0.279541
2025-08-14T14:02:50.393497,1.018175848561534,0.273437
2025-08-14T14:02:50.693132,1.0146256722964386,0.264893
2025-08-14T14:02:50.964131,1.0147083988841328,0.267334
2025-08-14T14:02:51.248009,1.014918868948154,0.264893
2025-08-14T14:02:51.512690,1.010812953591811,0.264893
2025-08-14T14:02:51.820692,1.0143473627244268,0.267334
2025-08-14T14:02:52.117693,1.0185205253439913,0.267334
2025-08-14T14:02:52.407690,1.014851216292812,0.319824
2025-08-14T14:02:52.662302,1.014851216292812,0.206299
2025-08-14T14:02:52.941303,1.011024234590843,0.20874
2025-08-14T14:02:53.233304,1.0188126011249563,0.206299
2025-08-14T14:02:53.526300,1.0263932675388123,0.197754
2025-08-14T14:02:53.818084,1.01874520704394,0.185547
2025-08-14T14:02:54.120099,1.015309686630636,0.184326
2025-08-14T14:02:54.428136,1.0146256722964386,0.177002
2025-08-14T14:02:54.846837,1.0150015716391774,0.198975
2025-08-14T14:02:55.121091,1.0220198492524497,0.175781
2025-08-14T14:02:55.435107,1.006289458174436,0.17334
2025-08-14T14:02:55.730274,1.0183257130275165,0.189209
2025-08-14T14:02:56.028275,1.0192992298250794,0.175781
2025-08-14T14:02:56.321153,1.0259694234298604,0.200195
2025-08-14T14:02:56.594439,1.0145580000901873,0.177002
2025-08-14T14:02:56.892072,1.0109563213086905,0.17334
2025-08-14T14:02:57.204063,1.0229451038775248,0.175781
2025-08-14T14:02:57.482074,1.0188949877656677,0.195312
2025-08-14T14:02:57.771073,1.023012221277439,0.178223
2025-08-14T14:02:58.049727,1.0220721001622144,0.187988
2025-08-14T14:02:58.324220,1.0145580000901873,0.197754
2025-08-14T14:02:58.613220,1.0263114828189346,0.17334
2025-08-14T14:02:58.907167,1.019052190131104,0.174561
2025-08-14T14:02:59.203167,1.014918868948154,0.17334
2025-08-14T14:02:59.517876,1.0142796719495073,0.195312
2025-08-14T14:02:59.782874,1.014918868948154,0.180664
2025-08-14T14:03:00.090507,1.0222213934119164,0.17334
2025-08-14T14:03:00.374518,1.0146256722964386,0.175781
2025-08-14T14:03:00.654116,1.0230942697356875,0.172119
2025-08-14T14:03:00.939853,1.0146256722964386,0.19043
2025-08-14T14:03:01.239624,1.0226392893933811,0.458984
2025-08-14T14:03:01.507812,1.014851216292812,0.654297
2025-08-14T14:03:01.785812,1.0113335613268255,0.60791
2025-08-14T14:03:02.079085,1.0109563213086905,0.447998
2025-08-14T14:03:02.377097,1.0230942697356875,0.422363
2025-08-14T14:03:02.627097,1.0221392748867444,0.474853
2025-08-14T14:03:02.893359,1.02229607007119,0.374756
2025-08-14T14:03:03.186359,1.022706426863056,0.134277
2025-08-14T14:03:03.471230,1.018453111935449,0.360107
2025-08-14T14:03:03.749231,1.022788499852242,0.186768
2025-08-14T14:03:04.031540,1.01874520704394,0.219727
2025-08-14T14:03:04.310542,1.0150015716391774,0.286865
2025-08-14T14:03:04.583542,1.01874520704394,0.200195
2025-08-14T14:03:04.861799,1.0113335613268255,0.128174
2025-08-14T14:03:05.158934,1.0147083988841328,0.314941
2025-08-14T14:03:05.444802,1.0223184101056773,0.117187
2025-08-14T14:03:05.724792,1.0224154634408655,0.230713
2025-08-14T14:03:06.109802,1.0146256722964386,0.214844
2025-08-14T14:03:06.406651,1.0105335939650892,0.408936
2025-08-14T14:03:06.717636,1.0186029356083752,0.238037
2025-08-14T14:03:07.031646,1.0185205253439913,0.305176
2025-08-14T14:03:07.322648,1.01874520704394,0.290527
2025-08-14T14:03:07.617486,1.0029406362901043,0.352783
2025-08-14T14:03:07.872483,1.022788499852242,0.332031
2025-08-14T14:03:08.161485,1.0260363429961925,0.297852
2025-08-14T14:03:08.459485,1.0185205253439913,0.264893
2025-08-14T14:03:08.749485,1.0151593769192109,0.257568
2025-08-14T14:03:09.044286,1.0143473627244268,0.269775
2025-08-14T14:03:09.331284,1.0220721001622144,0.24292
2025-08-14T14:03:09.599875,1.01874520704394,0.246582
2025-08-14T14:03:09.877878,1.014851216292812,0.258789
2025-08-14T14:03:10.161882,1.0146256722964386,0.289307
2025-08-14T14:03:10.432242,1.0179810201678614,0.334473
2025-08-14T14:03:10.713231,1.018175848561534,0.334473
2025-08-14T14:03:10.990231,1.022587067465162,0.335693
2025-08-14T14:03:11.271234,1.018400675346889,0.3125
2025-08-14T14:03:11.548697,1.0185205253439913,0.332031
2025-08-14T14:03:11.834074,1.022706426863056,0.355225
2025-08-14T14:03:12.126076,1.019052190131104,0.411377
2025-08-14T14:03:12.429729,1.0185205253439913,0.327148
2025-08-14T14:03:12.734729,1.0151593769192109,0.300293
2025-08-14T14:03:13.028455,1.0189923211614502,0.327148
2025-08-14T14:03:13.326289,1.0263932675388123,0.327148
2025-08-14T14:03:13.605279,1.0150015716391774,0.330811
2025-08-14T14:03:13.879924,1.010661975108394,0.340576
2025-08-14T14:03:14.169927,1.014851216292812,0.343018
2025-08-14T14:03:14.437547,1.011024234590843,0.341797
2025-08-14T14:03:14.734821,1.010661975108394,0.325928
2025-08-14T14:03:15.018820,1.007062516970024,0.292969
2025-08-14T14:03:15.302820,1.0145580000901873,0.321045
2025-08-14T14:03:15.581821,1.0147083988841328,0.334473
2025-08-14T14:03:15.863542,1.0140840950128347,0.296631
2025-08-14T14:03:16.143540,1.0188949877656677,0.297852
2025-08-14T14:03:16.434540,1.014851216292812,0.29541
2025-08-14T14:03:16.716542,1.018243280326465,0.323486
2025-08-14T14:03:16.991542,1.0224154634408655,0.335693
2025-08-14T14:03:17.280366,1.0145580000901873,0.322266
2025-08-14T14:03:17.565365,1.014918868948154,0.344238
2025-08-14T14:03:17.837377,1.0145580000901873,0.333252
2025-08-14T14:03:18.118316,1.006289458174436,0.379639
2025-08-14T14:03:18.406404,1.0185205253439913,0.389404
2025-08-14T14:03:18.699016,1.0224154634408655,0.355225
2025-08-14T14:03:18.993018,1.01874520704394,0.340576
2025-08-14T14:03:19.271666,1.0191195639114186,0.340576
2025-08-14T14:03:19.558102,1.014918868948154,0.333252
2025-08-14T14:03:19.871306,1.0146256722964386,0.307617
2025-08-14T14:03:20.167423,1.0104505255820295,0.311279
2025-08-14T14:03:20.478800,1.0105335939650892,0.322266
2025-08-14T14:03:20.799394,1.018453111935449,0.303955
2025-08-14T14:03:21.119799,1.018175848561534,0.322266
2025-08-14T14:03:21.419007,1.0185205253439913,0.323486
2025-08-14T14:03:21.725740,1.0150015716391774,0.352783
2025-08-14T14:03:22.301938,1.010812953591811,0.324707
2025-08-14T14:03:22.602653,1.0146256722964386,0.330811
2025-08-14T14:03:22.881276,1.0185205253439913,0.334473
2025-08-14T14:03:23.167649,1.0151593769192109,0.3125
2025-08-14T14:03:23.480650,1.018175848561534,0.317383
2025-08-14T14:03:23.748649,1.014227019589796,0.291748
2025-08-14T14:03:24.045172,1.0143473627244268,0.300293
2025-08-14T14:03:24.347228,1.0146256722964386,0.314941
2025-08-14T14:03:24.630453,1.018175848561534,0.313721
2025-08-14T14:03:24.924453,1.0263932675388123,0.306396
2025-08-14T14:03:25.208871,1.014918868948154,0.311279
2025-08-14T14:03:25.492333,1.018453111935449,0.300293
2025-08-14T14:03:25.785333,1.0101862423043584,0.321045
2025-08-14T14:03:26.069409,1.01874520704394,0.333252
2025-08-14T14:03:26.361409,1.0103825737377896,0.327148
2025-08-14T14:03:26.648632,1.0188126011249563,0.306396
2025-08-14T14:03:26.938707,1.018175848561534,0.311279
2025-08-14T14:03:27.232694,1.0185205253439913,0.296631
2025-08-14T14:03:27.525705,1.0263114828189346,0.296631
2025-08-14T14:03:27.807707,1.0188126011249563,0.285645
2025-08-14T14:03:28.079063,1.0224154634408655,0.286865
2025-08-14T14:03:28.357095,1.010661975108394,0.292969
2025-08-14T14:03:28.634108,1.011024234590843,0.306396
2025-08-14T14:03:28.890233,1.022706426863056,0.314941
2025-08-14T14:03:29.179232,1.0224975597848631,0.314941
2025-08-14T14:03:29.463799,1.0262445811939764,0.310059
2025-08-14T14:03:29.765125,1.022706426863056,0.3125
2025-08-14T14:03:30.033357,1.0150015716391774,0.3125
2025-08-14T14:03:30.320371,1.014918868948154,0.321045
2025-08-14T14:03:30.605985,1.0188126011249563,0.339355
2025-08-14T14:03:30.883678,1.0146256722964386,0.324707
2025-08-14T14:03:31.162054,1.0145580000901873,0.321045
2025-08-14T14:03:31.446057,1.0185205253439913,0.302734
2025-08-14T14:03:31.733043,1.011024234590843,0.305176
2025-08-14T14:03:32.016732,1.0188126011249563,0.313721
2025-08-14T14:03:32.304718,1.018243280326465,0.3125
2025-08-14T14:03:32.594720,1.018243280326465,0.305176
2025-08-14T14:03:32.871732,1.0107299081683494,0.308838
2025-08-14T14:03:33.150732,1.0179810201678614,0.351562
2025-08-14T14:03:33.426179,1.0220721001622144,0.369873
2025-08-14T14:03:33.717180,1.0343894518439367,0.372314
2025-08-14T14:03:33.974179,1.0224154634408655,0.367432
2025-08-14T14:03:34.248182,1.0147083988841328,0.366211
2025-08-14T14:03:34.531795,1.0107299081683494,0.358887
2025-08-14T14:03:34.834506,1.018453111935449,0.385742
2025-08-14T14:03:35.120505,1.0188126011249563,0.366211
2025-08-14T14:03:35.408761,1.014918868948154,0.368652
2025-08-14T14:03:35.721498,1.0188949877656677,0.362549
2025-08-14T14:03:36.017915,1.01874520704394,0.362549
2025-08-14T14:03:36.308905,1.0147083988841328,0.358887
2025-08-14T14:03:36.606892,1.010661975108394,0.355225
2025-08-14T14:03:36.898905,1.0111072558403484,0.351562
2025-08-14T14:03:37.195651,1.018453111935449,0.343018
2025-08-14T14:03:37.469233,1.0111072558403484,0.34668
2025-08-14T14:03:37.740245,1.0188126011249563,0.34668
2025-08-14T14:03:38.028702,1.0188126011249563,0.36499
2025-08-14T14:03:38.331863,1.0146256722964386,0.34668
2025-08-14T14:03:38.603863,1.0185205253439913,0.340576
2025-08-14T14:03:38.872426,1.0188126011249563,0.350342
2025-08-14T14:03:39.068439,1.0147083988841328,0.34668
2025-08-14T14:03:39.354265,1.02229607007119,0.351562
2025-08-14T14:03:39.635175,1.018453111935449,0.354004
2025-08-14T14:03:39.838168,1.0224154634408655,0.439453
2025-08-14T14:03:40.031013,1.0266013420164617,0.43335
2025-08-14T14:03:40.304665,1.01090349585408,0.449219
2025-08-14T14:03:40.593572,1.018175848561534,0.426025
2025-08-14T14:03:40.798584,1.0179810201678614,0.43457
2025-08-14T14:03:41.019571,1.010812953591811,0.388184
2025-08-14T14:03:41.256675,1.0150015716391774,0.422363
2025-08-14T14:03:41.548673,1.011024234590843,0.404053
2025-08-14T14:03:41.795467,1.0186029356083752,0.396728
2025-08-14T14:03:41.987281,1.0185205253439913,0.389404
2025-08-14T14:03:42.200365,1.0304287217396455,0.41626
2025-08-14T14:03:42.472361,1.0224975597848631,0.397949
2025-08-14T14:03:42.750452,1.011024234590843,0.426025
2025-08-14T14:03:42.959287,1.0147083988841328,0.435791
2025-08-14T14:03:43.163892,1.0071306928209465,0.41626
2025-08-14T14:03:43.435894,1.0185205253439913,0.39917
2025-08-14T14:03:43.712903,1.0145580000901873,0.401611
2025-08-14T14:03:43.947477,1.018243280326465,0.394287
2025-08-14T14:03:44.141158,1.0109563213086905,0.396728
2025-08-14T14:03:44.432725,1.0185205253439913,0.405273
2025-08-14T14:03:44.699715,1.0224154634408655,0.423584
2025-08-14T14:03:44.897038,1.0185205253439913,0.397949
2025-08-14T14:03:45.153042,1.0266013420164617,0.413818
2025-08-14T14:03:45.439036,1.014430112008215,0.439453
2025-08-14T14:03:45.714074,1.0304287217396455,0.405273
2025-08-14T14:03:45.911911,1.0145580000901873,0.394287
2025-08-14T14:03:46.164066,1.0147083988841328,0.394287
2025-08-14T14:03:46.456066,1.0224975597848631,0.401611
2025-08-14T14:03:46.732568,1.0147985935874173,0.461426
2025-08-14T14:03:46.928170,1.0186029356083752,0.395508
2025-08-14T14:03:47.133686,1.0188126011249563,0.396728
2025-08-14T14:03:47.443687,1.0151593769192109,0.397949
2025-08-14T14:03:47.711265,1.0188126011249563,0.411377
2025-08-14T14:03:47.902260,1.0263932675388123,0.404053
2025-08-14T14:03:48.098148,1.018453111935449,0.383301
2025-08-14T14:03:48.376148,1.0221392748867444,0.380859
2025-08-14T14:03:48.658766,1.0146256722964386,0.373535
2025-08-14T14:03:48.890766,1.0142796719495073,0.369873
2025-08-14T14:03:49.080771,1.0069185948431978,0.389404
2025-08-14T14:03:49.334104,1.014918868948154,0.372314
2025-08-14T14:03:49.643168,1.010812953591811,0.368652
2025-08-14T14:03:49.855554,1.0263114828189346,0.369873
2025-08-14T14:03:50.050177,1.0185205253439913,0.378418
2025-08-14T14:03:50.332181,1.0224154634408655,0.367432
2025-08-14T14:03:50.633834,1.01874520704394,0.380859
2025-08-14T14:03:50.869828,1.0146256722964386,0.373535
2025-08-14T14:03:51.066821,1.01874520704394,0.374756
2025-08-14T14:03:51.359810,1.0192992298250794,0.372314
2025-08-14T14:03:51.645809,1.014918868948154,0.373535
2025-08-14T14:03:51.921820,1.0188126011249563,0.339355
2025-08-14T14:03:52.123821,1.014918868948154,0.340576
2025-08-14T14:03:52.426549,1.010812953591811,0.322266
2025-08-14T14:03:52.717130,1.0186029356083752,0.325928
2025-08-14T14:03:52.919537,1.0191195639114186,0.319824
2025-08-14T14:03:53.127636,1.0224154634408655,0.339355
2025-08-14T14:03:53.401633,1.018175848561534,0.330811
2025-08-14T14:03:53.699636,1.022587067465162,0.327148
2025-08-14T14:03:53.896464,1.0145580000901873,0.327148
2025-08-14T14:03:54.167988,1.0187002969087622,0.328369
2025-08-14T14:03:54.451001,1.01874520704394,0.341797
2025-08-14T14:03:54.720990,1.0266013420164617,0.324707
2025-08-14T14:03:54.907001,1.014918868948154,0.332031
2025-08-14T14:03:55.100698,1.0109563213086905,0.32959
2025-08-14T14:03:55.388001,1.010661975108394,0.322266
2025-08-14T14:03:55.658830,1.0068352282066813,0.350342
2025-08-14T14:03:55.850830,1.0104505255820295,0.310059
2025-08-14T14:03:56.040301,1.0230942697356875,0.305176
2025-08-14T14:03:56.303336,1.018453111935449,0.319824
2025-08-14T14:03:56.584693,1.0192019257389575,0.318603
2025-08-14T14:03:56.850683,1.0186029356083752,0.306396
2025-08-14T14:03:57.048693,1.018243280326465,0.305176
2025-08-14T14:03:57.309680,1.014918868948154,0.302734
2025-08-14T14:03:57.584691,1.011024234590843,0.301514
2025-08-14T14:03:57.803097,1.018453111935449,0.32959
2025-08-14T14:03:57.991483,1.010661975108394,0.307617
2025-08-14T14:03:58.208409,1.0146256722964386,0.318603
2025-08-14T14:03:58.484409,1.011024234590843,0.303955
2025-08-14T14:03:58.752409,1.0068352282066813,0.323486
2025-08-14T14:03:58.940521,1.0146256722964386,0.310059
2025-08-14T14:03:59.161678,1.0146256722964386,0.306396
2025-08-14T14:03:59.455150,1.018175848561534,0.317383
2025-08-14T14:03:59.720153,1.0185205253439913,0.306396
2025-08-14T14:03:59.917153,1.019052190131104,0.322266
2025-08-14T14:04:00.114152,1.0185205253439913,0.306396
2025-08-14T14:04:00.396151,1.014918868948154,0.310059
2025-08-14T14:04:00.679911,1.0103825737377896,0.305176
2025-08-14T14:04:00.907000,1.0146256722964386,0.310059
2025-08-14T14:04:01.098718,1.0147083988841328,0.308838
2025-08-14T14:04:01.395760,1.0146256722964386,0.308838
2025-08-14T14:04:01.676773,1.0152270090393578,0.338135
2025-08-14T14:04:01.860300,1.0191195639114186,0.316162
2025-08-14T14:04:02.100124,1.018453111935449,0.313721
2025-08-14T14:04:02.408417,1.022706426863056,0.319824
2025-08-14T14:04:02.685429,1.0150015716391774,0.317383
2025-08-14T14:04:02.922884,1.0152270090393578,0.325928
2025-08-14T14:04:03.168606,1.014918868948154,0.322266
2025-08-14T14:04:03.451922,1.0109563213086905,0.351562
2025-08-14T14:04:03.723909,1.0146256722964386,0.341797
2025-08-14T14:04:03.952963,1.0189923211614502,0.336914
2025-08-14T14:04:04.174516,1.0221392748867444,0.344238
2025-08-14T14:04:04.471518,1.0106091342680412,0.330811
2025-08-14T14:04:04.727518,1.026534459282298,0.334473
2025-08-14T14:04:04.928817,1.0109563213086905,0.322266
2025-08-14T14:04:05.130303,1.0185205253439913,0.323486
2025-08-14T14:04:05.441685,1.0187002969087622,0.339355
2025-08-14T14:04:05.716685,1.0266013420164617,0.330811
2025-08-14T14:04:05.916651,1.014918868948154,0.325928
2025-08-14T14:04:06.142427,1.0146256722964386,0.32959
2025-08-14T14:04:06.442028,1.0303843208400447,0.333252
2025-08-14T14:04:06.725042,1.018453111935449,0.322266
2025-08-14T14:04:06.921039,1.018175848561534,0.323486
2025-08-14T14:04:07.130041,1.018453111935449,0.345459
2025-08-14T14:04:07.435029,1.0142796719495073,0.334473
2025-08-14T14:04:07.715417,1.0146256722964386,0.360107
2025-08-14T14:04:07.909462,1.0143473627244268,0.334473
2025-08-14T14:04:08.127468,1.0224154634408655,0.336914
2025-08-14T14:04:08.409455,1.0109563213086905,0.332031
2025-08-14T14:04:08.695468,1.0146256722964386,0.333252
2025-08-14T14:04:08.928224,1.0185205253439913,0.334473
2025-08-14T14:04:09.163801,1.0185205253439913,0.327148
2025-08-14T14:04:09.446801,1.014918868948154,0.3479
2025-08-14T14:04:09.707814,1.0188126011249563,0.330811
2025-08-14T14:04:09.934801,1.0152270090393578,0.350342
2025-08-14T14:04:10.191397,1.018453111935449,0.351562
2025-08-14T14:04:10.472395,1.014918868948154,0.335693
2025-08-14T14:04:10.734398,1.022788499852242,0.351562
2025-08-14T14:04:10.928948,1.0224154634408655,0.332031
2025-08-14T14:04:11.186709,1.022706426863056,0.332031
2025-08-14T14:04:11.433709,1.0185205253439913,0.351562
2025-08-14T14:04:11.698069,1.0142796719495073,0.338135
2025-08-14T14:04:11.922436,1.0188126011249563,0.328369
2025-08-14T14:04:12.122723,1.014918868948154,0.352783
2025-08-14T14:04:12.442177,1.022706426863056,0.352783
2025-08-14T14:04:12.727165,1.01874520704394,0.334473
2025-08-14T14:04:12.940167,1.0107299081683494,0.343018
2025-08-14T14:04:13.163704,1.023012221277439,0.36499
2025-08-14T14:04:13.474681,1.0262445811939764,0.336914
2025-08-14T14:04:13.747670,1.0188126011249563,0.336914
2025-08-14T14:04:13.950683,1.0226392893933811,0.349121
2025-08-14T14:04:14.145058,1.0222213934119164,0.339355
2025-08-14T14:04:14.449715,1.018400675346889,0.340576
2025-08-14T14:04:14.735003,1.0146256722964386,0.336914
2025-08-14T14:04:14.940547,1.0071306928209465,0.334473
2025-08-14T14:04:15.129536,1.022706426863056,0.367432
2025-08-14T14:04:15.426817,1.0107299081683494,0.333252
2025-08-14T14:04:15.740570,1.0263114828189346,0.330811
2025-08-14T14:04:15.980617,1.0188126011249563,0.354004
2025-08-14T14:04:16.194615,1.022706426863056,0.335693
2025-08-14T14:04:16.485614,1.01874520704394,0.345459
2025-08-14T14:11:49.789612,1.0188126011249563,0.296631
2025-08-14T14:12:14.580245,1.011024234590843,0.299072
2025-08-14T14:12:14.755831,1.0185205253439913,0.294189
2025-08-14T14:12:14.927509,1.0263114828189346,0.301514
2025-08-14T14:12:15.099224,1.014918868948154,0.310059
2025-08-14T14:12:15.255483,1.018243280326465,0.301514
2025-08-14T14:12:15.414485,1.0150015716391774,0.300293
2025-08-14T14:12:15.613852,1.0185205253439913,0.301514
2025-08-14T14:12:15.767852,1.0221392748867444,0.292969
2025-08-14T14:12:15.949850,1.0146256722964386,0.29541
2025-08-14T14:12:16.103852,1.0224975597848631,0.299072
2025-08-14T14:12:16.249852,1.0145053621755775,0.299072
2025-08-14T14:12:16.460785,1.0226392893933811,0.297852
2025-08-14T14:12:16.656546,1.0220721001622144,0.296631
2025-08-14T14:12:16.860104,1.0185205253439913,0.317383
2025-08-14T14:12:17.046084,1.018453111935449,0.3125
2025-08-14T14:12:17.242141,1.0142796719495073,0.301514
2025-08-14T14:12:17.415886,1.0069185948431978,0.324707
2025-08-14T14:12:17.657952,1.0146256722964386,0.306396
2025-08-14T14:12:17.865972,1.0222213934119164,0.318603
2025-08-14T14:12:18.073023,1.0188949877656677,0.301514
2025-08-14T14:12:18.251140,1.0146256722964386,0.321045
2025-08-14T14:12:18.410324,1.0109110651491555,0.300293
2025-08-14T14:12:18.581388,1.0226392893933811,0.29541
2025-08-14T14:12:18.767385,1.0107299081683494,0.29541
2025-08-14T14:12:18.952426,1.014918868948154,0.292969
2025-08-14T14:12:19.158440,1.0103825737377896,0.296631
2025-08-14T14:12:19.322418,1.022706426863056,0.310059
2025-08-14T14:12:19.504400,1.0107299081683494,0.303955
2025-08-14T14:12:19.695022,1.0266013420164617,0.296631
2025-08-14T14:12:19.899276,1.0146256722964386,0.29541
2025-08-14T14:12:20.106425,1.014851216292812,0.296631
2025-08-14T14:12:20.311427,1.0220721001622144,0.314941
2025-08-14T14:12:20.502414,1.0147083988841328,0.297852
2025-08-14T14:12:20.727632,1.01874520704394,0.319824
2025-08-14T14:12:20.973017,1.018175848561534,0.296631
2025-08-14T14:12:21.189550,1.0183257130275165,0.323486
2025-08-14T14:12:21.430549,1.0148061338295111,0.303955
2025-08-14T14:12:21.693548,1.0146256722964386,0.297852
2025-08-14T14:12:21.946550,1.0143473627244268,0.292969
2025-08-14T14:12:22.116292,1.0188126011249563,0.291748
2025-08-14T14:12:22.278289,1.0107299081683494,0.297852
2025-08-14T14:12:22.482549,1.0188126011249563,0.311279
2025-08-14T14:12:22.702550,1.018243280326465,0.294189
2025-08-14T14:12:23.202038,1.0224975597848631,0.29541
2025-08-14T14:12:23.361038,1.018453111935449,0.292969
2025-08-14T14:12:23.513039,1.0224154634408655,0.302734
2025-08-14T14:12:23.690440,1.0109563213086905,0.29541
2025-08-14T14:12:23.852854,1.0146256722964386,0.307617
2025-08-14T14:12:24.042868,1.0186029356083752,0.322266
2025-08-14T14:12:24.222435,1.0104505255820295,0.292969
2025-08-14T14:12:24.367631,1.0104505255820295,0.294189
2025-08-14T14:12:24.517661,1.0145580000901873,0.301514
2025-08-14T14:12:24.647497,1.0109563213086905,0.294189
2025-08-14T14:12:24.825517,1.011416557185515,0.291748
2025-08-14T14:12:24.969518,1.0150015716391774,0.305176
2025-08-14T14:12:25.109395,1.0107299081683494,0.297852
2025-08-14T14:12:25.259395,1.0225945502778704,0.301514
2025-08-14T14:12:25.411860,1.014851216292812,0.3125
2025-08-14T14:12:25.554858,1.0223483068636636,0.299072
2025-08-14T14:12:25.695859,1.0218108227171994,0.291748
2025-08-14T14:12:25.844004,1.0218780146172046,0.307617
2025-08-14T14:12:26.037004,1.0146256722964386,0.291748
2025-08-14T14:12:26.221984,1.0303843208400447,0.313721
2025-08-14T14:12:26.373975,1.014918868948154,0.303955
2025-08-14T14:12:26.515445,1.0221392748867444,0.296631
2025-08-14T14:12:26.651447,1.0185205253439913,0.292969
2025-08-14T14:12:26.807447,1.0145580000901873,0.297852
2025-08-14T14:12:26.953539,1.0145580000901873,0.305176
2025-08-14T14:12:27.137986,1.01874520704394,0.297852
2025-08-14T14:12:27.309221,1.0145580000901873,0.296631
2025-08-14T14:12:27.450220,1.0145580000901873,0.316162
2025-08-14T14:12:27.586879,1.0146256722964386,0.291748
2025-08-14T14:12:27.736879,1.0186029356083752,0.297852
2025-08-14T14:12:27.878519,1.022788499852242,0.292969
2025-08-14T14:12:28.081530,1.0188949877656677,0.302734
2025-08-14T14:12:28.275761,1.014851216292812,0.289307
2025-08-14T14:12:28.414070,1.0185205253439913,0.307617
2025-08-14T14:12:28.558071,1.0147083988841328,0.292969
2025-08-14T14:12:28.694070,1.018453111935449,0.299072
2025-08-14T14:12:28.898841,1.01874520704394,0.308838
2025-08-14T14:12:29.110650,1.007214035001995,0.316162
2025-08-14T14:12:29.268195,1.0107299081683494,0.305176
2025-08-14T14:12:29.440194,1.014918868948154,0.296631
2025-08-14T14:12:29.580016,1.0146256722964386,0.301514
2025-08-14T14:12:29.723086,1.0146256722964386,0.299072
2025-08-14T14:12:29.896086,1.0179810201678614,0.291748
2025-08-14T14:12:30.057896,1.0224154634408655,0.291748
2025-08-14T14:12:30.193896,1.0223483068636636,0.305176
2025-08-14T14:12:30.339837,1.0304953517226558,0.314941
2025-08-14T14:12:30.516837,1.0226392893933811,0.294189
2025-08-14T14:12:30.668505,1.02229607007119,0.291748
2025-08-14T14:12:30.807721,1.018453111935449,0.299072
2025-08-14T14:12:30.964721,1.0223483068636636,0.29541
2025-08-14T14:12:31.123388,1.0185205253439913,0.294189
2025-08-14T14:12:31.265399,1.018243280326465,0.318603
2025-08-14T14:12:31.404389,1.0147083988841328,0.292969
2025-08-14T14:12:31.572386,1.0188126011249563,0.296631
2025-08-14T14:12:31.721399,1.018453111935449,0.291748
2025-08-14T14:12:31.864399,1.014918868948154,0.292969
2025-08-14T14:12:32.029371,1.0189923211614502,0.300293
2025-08-14T14:12:32.167358,1.0226392893933811,0.291748
2025-08-14T14:12:32.313371,1.0109563213086905,0.291748
2025-08-14T14:12:32.466385,1.0223483068636636,0.302734
2025-08-14T14:12:32.639385,1.0263114828189346,0.294189
2025-08-14T14:12:32.820382,1.0224154634408655,0.321045
2025-08-14T14:12:32.992384,1.0146256722964386,0.292969
2025-08-14T14:12:33.257396,1.0150015716391774,0.303955
2025-08-14T14:12:33.418872,1.014851216292812,0.296631
2025-08-14T14:12:33.562312,1.018243280326465,0.294189
2025-08-14T14:12:33.697097,1.0185205253439913,0.303955
2025-08-14T14:12:33.873786,1.018453111935449,0.302734
2025-08-14T14:12:34.028784,1.0185205253439913,0.305176
2025-08-14T14:12:34.176787,1.01874520704394,0.292969
2025-08-14T14:12:34.307827,1.0179810201678614,0.310059
2025-08-14T14:12:34.445828,1.0145580000901873,0.294189
2025-08-14T14:12:34.590876,1.0224975597848631,0.3125
2025-08-14T14:12:34.754959,1.0224975597848631,0.300293
2025-08-14T14:12:34.948555,1.01874520704394,0.301514
2025-08-14T14:12:35.113896,1.022706426863056,0.291748
2025-08-14T14:12:35.257885,1.0266013420164617,0.29541
2025-08-14T14:12:35.396629,1.0230942697356875,0.29541
2025-08-14T14:12:35.544668,1.010661975108394,0.301514
2025-08-14T14:12:35.683666,1.0150015716391774,0.310059
2025-08-14T14:12:35.839813,1.0107299081683494,0.300293
2025-08-14T14:12:35.989803,1.014918868948154,0.291748
2025-08-14T14:12:36.181813,1.0188126011249563,0.292969
2025-08-14T14:12:36.368077,1.0186029356083752,0.297852
2025-08-14T14:12:36.524082,1.0185205253439913,0.296631
2025-08-14T14:12:36.692082,1.0185205253439913,0.308838
2025-08-14T14:12:36.828615,1.0188949877656677,0.296631
2025-08-14T14:12:37.006616,1.0186029356083752,0.322266
2025-08-14T14:12:37.180626,1.0150992783575408,0.299072
2025-08-14T14:12:37.351804,1.0146256722964386,0.29541
2025-08-14T14:12:37.522926,1.0185205253439913,0.300293
2025-08-14T14:12:37.659926,1.0147083988841328,0.292969
2025-08-14T14:12:37.815915,1.014918868948154,0.301514
2025-08-14T14:12:37.979042,1.0188126011249563,0.291748
2025-08-14T14:12:38.139044,1.0107299081683494,0.294189
2025-08-14T14:12:38.272055,1.01874520704394,0.294189
2025-08-14T14:12:38.454478,1.0188126011249563,0.297852
2025-08-14T14:12:38.590479,1.0109563213086905,0.300293
2025-08-14T14:12:38.733327,1.0145580000901873,0.29541
2025-08-14T14:12:38.873243,1.0112053388432043,0.290527
2025-08-14T14:12:39.040208,1.0224154634408655,0.301514
2025-08-14T14:12:39.205210,1.0145580000901873,0.296631
2025-08-14T14:12:39.353452,1.014918868948154,0.294189
2025-08-14T14:12:39.523451,1.0145580000901873,0.292969
2025-08-14T14:12:39.685462,1.022788499852242,0.290527
2025-08-14T14:12:39.847726,1.0147083988841328,0.29541
2025-08-14T14:12:40.006270,1.0222213934119164,0.300293
2025-08-14T14:12:40.150825,1.0224154634408655,0.29541
2025-08-14T14:12:40.298145,1.0185205253439913,0.29541
2025-08-14T14:12:40.442557,1.014851216292812,0.305176
2025-08-14T14:12:40.628732,1.0186029356083752,0.302734
2025-08-14T14:12:40.796097,1.022788499852242,0.290527
2025-08-14T14:12:40.952621,1.0188126011249563,0.294189
2025-08-14T14:12:41.105057,1.014918868948154,0.294189
2025-08-14T14:12:41.245068,1.026534459282298,0.292969
2025-08-14T14:12:41.399228,1.0224975597848631,0.308838
2025-08-14T14:12:41.545970,1.0188949877656677,0.292969
2025-08-14T14:12:41.718972,1.0185205253439913,0.318603
2025-08-14T14:12:41.857971,1.0188949877656677,0.292969
2025-08-14T14:12:42.019022,1.014851216292812,0.292969
2025-08-14T14:12:42.160013,1.018453111935449,0.291748
2025-08-14T14:12:42.317111,1.014918868948154,0.294189
2025-08-14T14:12:42.473110,1.022706426863056,0.291748
2025-08-14T14:12:42.618098,1.0146256722964386,0.292969
2025-08-14T14:12:42.776099,1.022706426863056,0.289307
2025-08-14T14:12:42.939572,1.0225945502778704,0.300293
2025-08-14T14:12:43.084560,1.0146256722964386,0.291748
2025-08-14T14:12:43.243573,1.0146256722964386,0.294189
2025-08-14T14:12:43.395679,1.0105335939650892,0.317383
2025-08-14T14:12:43.533241,1.0185205253439913,0.307617
2025-08-14T14:12:43.681358,1.0145580000901873,0.289307
2025-08-14T14:12:44.573102,1.0226392893933811,0.290527
2025-08-14T14:12:44.776402,1.0150015716391774,0.29541
2025-08-14T14:12:44.941484,1.0111072558403484,0.294189
2025-08-14T14:12:45.149427,1.022885462758172,0.289307
2025-08-14T14:12:45.523448,1.0185205253439913,0.29541
2025-08-14T14:12:45.763858,1.0109563213086905,0.294189
2025-08-14T14:12:45.972929,1.0188126011249563,0.297852
2025-08-14T14:12:46.205320,1.0192019257389575,0.303955
2025-08-14T14:12:46.377320,1.018243280326465,0.294189
2025-08-14T14:12:46.817126,1.0150015716391774,0.289307
2025-08-14T14:12:46.999201,1.0263114828189346,0.290527
2025-08-14T14:12:47.191575,1.0104505255820295,0.29541
2025-08-14T14:12:47.411575,1.0188126011249563,0.289307
2025-08-14T14:12:47.590697,1.01874520704394,0.29541
2025-08-14T14:12:47.960226,1.0150015716391774,0.307617
2025-08-14T14:12:48.171367,1.0188126011249563,0.305176
2025-08-14T14:12:48.381222,1.022788499852242,0.289307
2025-08-14T14:12:48.575232,1.0226392893933811,0.299072
2025-08-14T14:12:48.776233,1.0260363429961925,0.294189
2025-08-14T14:12:48.956387,1.0185205253439913,0.294189
2025-08-14T14:12:49.143474,1.0224154634408655,0.288086
2025-08-14T14:12:49.368483,1.0146256722964386,0.317383
2025-08-14T14:12:49.606523,1.01090349585408,0.29541
2025-08-14T14:12:59.788899,1.0218108227171994,0.285645
2025-08-14T14:13:09.941850,1.0230942697356875,0.290527
2025-08-14T14:13:20.138979,1.0260363429961925,0.303955
2025-08-14T14:13:30.335860,1.0183257130275165,0.285645
2025-08-14T14:13:40.520657,1.0111072558403484,0.286865
2025-08-14T14:13:50.712305,1.0226392893933811,0.314941
2025-08-14T14:14:00.875812,1.0186029356083752,0.284424
2025-08-14T14:14:11.136121,1.0188126011249563,0.288086
2025-08-14T14:14:21.387989,1.018400675346889,0.290527
2025-08-14T14:14:31.593822,1.0107299081683494,0.284424
2025-08-14T14:14:41.801929,1.0143473627244268,0.285645
2025-08-14T14:14:52.048716,1.007214035001995,0.289307
2025-08-14T14:15:03.338782,1.0103825737377896,0.284424
2025-08-14T14:15:13.713646,1.0146256722964386,0.289307
2025-08-14T14:15:23.912627,1.0185205253439913,0.3125
2025-08-14T14:15:34.166506,1.0188126011249563,0.290527
2025-08-14T14:15:44.416918,1.014918868948154,0.284424
2025-08-14T14:15:54.599243,1.014166865777521,0.283203
2025-08-14T14:16:04.840553,1.0185205253439913,0.29541
2025-08-14T14:16:15.076520,1.0145580000901873,0.290527
2025-08-14T14:16:25.436572,1.0186029356083752,0.285645
2025-08-14T14:16:35.656834,1.0071306928209465,0.299072
2025-08-14T14:16:46.185816,1.0188126011249563,0.305176
2025-08-14T14:16:56.568085,1.022706426863056,0.305176
2025-08-14T14:17:06.844737,1.011024234590843,0.333252
2025-08-14T14:17:17.114979,1.0263114828189346,0.310059
2025-08-14T14:17:27.369830,1.011024234590843,0.308838
2025-08-14T14:17:37.620266,1.0147083988841328,0.310059
2025-08-14T14:17:47.914227,1.0222213934119164,0.313721
2025-08-14T14:17:58.202439,1.0186029356083752,0.305176
2025-08-14T14:18:08.482457,1.0263114828189346,0.300293
2025-08-14T14:18:18.727146,1.0067670323476032,0.300293
2025-08-14T14:18:28.970827,1.014851216292812,0.316162
2025-08-14T14:18:39.256655,1.0146256722964386,0.297852
2025-08-14T14:18:49.501460,1.0104505255820295,0.29541
2025-08-14T14:18:59.705049,1.014918868948154,0.307617
2025-08-14T14:19:10.073693,1.0186029356083752,0.322266
2025-08-14T14:19:20.272857,1.018175848561534,0.29541
2025-08-14T14:19:30.537940,1.014851216292812,0.29541
2025-08-14T14:19:40.746201,1.0188126011249563,0.301514
2025-08-14T14:19:50.914412,1.014851216292812,0.323486
2025-08-14T14:20:01.061286,1.0188126011249563,0.299072
2025-08-14T14:20:11.308303,1.0224975597848631,0.307617
2025-08-14T14:20:22.044486,1.0188949877656677,0.294189
2025-08-14T14:20:32.222496,1.0188126011249563,0.294189
2025-08-14T14:20:42.445052,1.0262445811939764,0.294189
2025-08-14T14:20:52.640429,1.0185205253439913,0.300293
2025-08-14T14:21:02.840477,1.0263114828189346,0.300293
2025-08-14T14:21:12.991982,1.0221392748867444,0.323486
2025-08-14T14:21:23.318925,1.0224975597848631,0.299072
2025-08-14T14:21:33.502400,1.007062516970024,0.292969
2025-08-14T14:21:43.763612,1.014918868948154,0.308838
2025-08-14T14:21:53.969632,1.0263114828189346,0.297852
2025-08-14T14:22:04.170062,1.0229451038775248,0.296631
2025-08-14T14:22:14.388616,1.007062516970024,0.294189
2025-08-14T14:22:24.572778,1.015309686630636,0.297852
2025-08-14T14:22:34.797180,1.018453111935449,0.321045
2025-08-14T14:22:45.043214,1.018243280326465,0.294189
2025-08-14T14:22:55.577613,1.022788499852242,0.294189
2025-08-14T14:23:05.792430,1.0146256722964386,0.29541
2025-08-14T14:23:16.008052,1.0185205253439913,0.319824
2025-08-14T14:23:26.200193,1.01874520704394,0.294189
2025-08-14T14:23:36.416146,1.0188949877656677,0.303955
2025-08-14T14:23:46.634058,1.0184231008303966,0.29541
2025-08-14T14:23:56.829350,1.0221392748867444,0.294189
2025-08-14T14:24:07.049459,1.0107299081683494,0.296631
2025-08-14T14:24:17.351040,1.0300139860817423,0.297852
2025-08-14T14:24:27.568579,1.014851216292812,0.300293
2025-08-14T14:26:50.103026,1.0235349051932718,0.393066
2025-08-14T14:27:05.309493,1.0156625545942903,0.362549
2025-08-14T14:27:35.656158,1.0196582061759714,0.328369
2025-08-14T14:27:45.832475,1.019568410721419,0.333252
2025-08-14T14:27:56.006791,1.0157001193373958,0.371094
2025-08-14T14:28:06.237851,1.0196058315633547,0.432129
2025-08-14T14:28:16.548510,1.027403401310313,0.317383
2025-08-14T14:28:27.409492,1.007872552474766,0.155029
2025-08-14T14:28:37.625221,1.0118170275627902,0.153809
2025-08-14T14:28:47.807697,1.01179440933324,0.153809
2025-08-14T14:28:57.967176,1.0235125459128482,0.153809
2025-08-14T14:29:08.121948,1.019568410721419,0.153809
2025-08-14T14:29:18.359880,1.0117566995780165,0.153809
2025-08-14T14:29:29.565251,1.0196058315633547,0.153809
2025-08-14T14:29:39.772528,1.0196282765135536,0.153809
2025-08-14T14:29:49.985672,1.0157752254283423,0.153809
2025-08-14T14:30:00.154188,1.0196582061759714,0.153809
2025-08-14T14:30:10.457144,1.0118170275627902,0.153809
2025-08-14T14:30:20.730176,1.0196282765135536,0.153809
2025-08-14T14:30:30.960847,1.0196582061759714,0.153809
2025-08-14T14:30:41.230795,1.0195908564953886,0.152588
2025-08-14T14:30:51.428316,1.0157752254283423,0.153809
2025-08-14T14:31:01.642509,1.0157226505941472,0.153809
2025-08-14T14:31:11.850579,1.0157752254283423,0.153809
2025-08-14T14:31:22.049898,1.0195459644532952,0.153809
2025-08-14T14:31:32.291196,1.01179440933324,0.153809
2025-08-14T14:31:42.538364,1.0157001193373958,0.153809
2025-08-14T14:31:52.752508,1.0235125459128482,0.153809
2025-08-14T14:32:02.958723,1.0156625545942903,0.153809
2025-08-14T14:32:13.265402,1.0156850866843523,0.153809
2025-08-14T14:32:23.503163,1.027440536790816,0.153809
2025-08-14T14:32:33.658051,1.007872552474766,0.153809
2025-08-14T14:32:43.884683,1.0157752254283423,0.153809
2025-08-14T14:32:54.090826,1.019568410721419,0.153809
2025-08-14T14:33:04.294954,1.0196282765135536,0.153809
2025-08-14T14:33:15.137859,1.007872552474766,0.152588
2025-08-14T14:33:26.327136,1.0117793186505644,0.153809
2025-08-14T14:33:37.189401,1.0118170275627902,0.152588
2025-08-14T14:33:48.064133,1.0119075108659883,0.153809
2025-08-14T14:34:26.493305,1.027440536790816,0.152588
2025-08-14T14:34:37.517857,1.0235125459128482,0.153809
2025-08-14T14:34:48.424081,1.0118170275627902,0.152588
2025-08-14T14:35:25.752116,1.019680649973314,0.146484
2025-08-14T14:35:25.903118,1.0118170275627902,0.146484
2025-08-14T14:35:26.058531,1.0195908564953886,0.146484
2025-08-14T14:35:26.221542,1.0196058315633547,0.146484
2025-08-14T14:35:26.410389,1.0235349051932718,0.146484
2025-08-14T14:35:26.622389,1.027403401310313,0.146484
2025-08-14T14:36:40.240314,1.0156400220043518,0.145264
2025-08-14T14:36:51.160733,1.0156625545942903,0.145264
2025-08-14T14:37:02.007590,1.0234752679102703,0.145264
2025-08-14T14:37:12.838486,1.019665695158467,0.146484
2025-08-14T14:38:47.181366,1.0196058315633547,0.170898
2025-08-14T14:38:47.398366,1.0157001193373958,0.13916
2025-08-14T14:38:47.622365,1.0158202879555025,0.144043
2025-08-14T14:38:47.856364,1.0157752254283423,0.140381
2025-08-14T14:38:48.224913,1.0235349051932718,0.144043
2025-08-14T14:38:48.459118,1.0117566995780165,0.134277
2025-08-14T14:38:48.702120,1.0157001193373958,0.134277
2025-08-14T14:38:48.966814,1.0118698053257644,0.19043
2025-08-14T14:38:49.202824,1.0157226505941472,0.13916
2025-08-14T14:38:49.447769,1.0235721810238885,0.137939
2025-08-14T14:38:49.711769,1.01179440933324,0.135498
2025-08-14T14:38:49.953769,1.0118170275627902,0.135498
2025-08-14T14:38:50.183769,1.019680649973314,0.136719
2025-08-14T14:38:50.410767,1.0158428165469302,0.131836
2025-08-14T14:38:50.641461,1.0040351857863348,0.133057
2025-08-14T14:38:50.893171,1.023587078764186,0.135498
2025-08-14T14:38:51.122184,1.019680649973314,0.130615
2025-08-14T14:38:51.353171,1.0273811262214232,0.175781
2025-08-14T14:38:51.584173,1.0079104075506908,0.170898
2025-08-14T14:38:51.841173,1.027403401310313,0.194092
2025-08-14T14:38:52.076184,1.0235721810238885,0.134277
2025-08-14T14:38:52.314816,1.0156850866843523,0.131836
2025-08-14T14:38:52.544859,1.0157226505941472,0.140381
2025-08-14T14:38:52.771847,1.023564720623469,0.130615
2025-08-14T14:38:53.025846,1.027440536790816,0.194092
2025-08-14T14:38:54.287694,1.0196282765135536,0.137939
2025-08-14T14:38:54.518694,1.0313461711787173,0.135498
2025-08-14T14:38:54.782694,1.0235125459128482,0.153809
2025-08-14T14:38:55.035766,1.0197180666963783,0.142822
2025-08-14T14:38:55.293766,1.0157226505941472,0.166016
2025-08-14T14:38:55.538419,1.0156850866843523,0.163574
2025-08-14T14:38:55.785409,1.019665695158467,0.189209
2025-08-14T14:38:56.017419,1.015752695337797,0.194092
2025-08-14T14:38:56.269344,1.0235349051932718,0.13916
2025-08-14T14:38:56.516613,1.0236243526948745,0.206299
2025-08-14T14:38:56.792603,1.0196282765135536,0.136719
2025-08-14T14:38:57.036378,1.0118170275627902,0.134277
2025-08-14T14:38:57.287661,1.0157226505941472,0.133057
2025-08-14T14:38:57.519649,1.0118170275627902,0.20752
2025-08-14T14:38:57.774836,1.0117793186505644,0.131836
2025-08-14T14:38:58.030753,1.0157602131147885,0.133057
2025-08-14T14:38:58.274884,1.0196282765135536,0.146484
2025-08-14T14:38:58.503180,1.0118471882759767,0.134277
2025-08-14T14:38:58.740180,1.0196058315633547,0.162353
2025-08-14T14:38:59.010803,1.0195908564953886,0.131836
2025-08-14T14:38:59.254471,1.0080088016188151,0.134277
2025-08-14T14:38:59.488457,1.0157226505941472,0.167236
2025-08-14T14:38:59.714458,1.0117793186505644,0.177002
2025-08-14T14:38:59.958470,1.0235721810238885,0.134277
2025-08-14T14:39:00.210474,1.0156625545942903,0.135498
2025-08-14T14:39:00.438574,1.0274925120432752,0.131836
2025-08-14T14:39:00.668573,1.015812786004882,0.180664
2025-08-14T14:39:00.914586,1.0156625545942903,0.155029
2025-08-14T14:39:01.177751,1.019568410721419,0.140381
2025-08-14T14:39:01.413740,1.019665695158467,0.131836
2025-08-14T14:39:01.726047,1.0157001193373958,0.155029
2025-08-14T14:39:01.996046,1.0157752254283423,0.17334
2025-08-14T14:39:02.238245,1.0235125459128482,0.134277
2025-08-14T14:39:02.541243,1.0196282765135536,0.137939
2025-08-14T14:39:03.087457,1.0117793186505644,0.150146
2025-08-14T14:39:03.484457,1.0157001193373958,0.144043
2025-08-14T14:39:03.719457,1.0234752679102703,0.135498
2025-08-14T14:39:03.959172,1.0235125459128482,0.194092
2025-08-14T14:39:05.078638,1.0119075108659883,0.133057
2025-08-14T14:39:05.828838,1.0195908564953886,0.134277
2025-08-14T14:39:05.970839,1.0156850866843523,0.163574
2025-08-14T14:39:06.115838,1.0196282765135536,0.135498
2025-08-14T14:39:06.254432,1.027440536790816,0.136719
2025-08-14T14:39:06.386419,1.0118170275627902,0.134277
2025-08-14T14:39:06.635749,1.0195908564953886,0.137939
2025-08-14T14:39:06.828646,1.0157226505941472,0.133057
2025-08-14T14:39:06.997646,1.023587078764186,0.137939
2025-08-14T14:39:07.149914,1.0235349051932718,0.135498
2025-08-14T14:39:07.315554,1.0120206036188195,0.135498
2025-08-14T14:39:07.469554,1.015812786004882,0.146484
2025-08-14T14:39:07.615257,1.0195908564953886,0.141602
2025-08-14T14:39:07.791260,1.0273811262214232,0.131836
2025-08-14T14:39:07.957270,1.0157602131147885,0.163574
2025-08-14T14:39:08.143270,1.0273811262214232,0.184326
2025-08-14T14:39:08.282226,1.0196282765135536,0.158691
2025-08-14T14:39:08.533233,1.0197255399165013,0.133057
2025-08-14T14:39:08.667250,1.0118170275627902,0.133057
2025-08-14T14:39:08.822011,1.0118547350697136,0.137939
2025-08-14T14:39:08.990355,1.0235349051932718,0.145264
2025-08-14T14:39:09.184417,1.0156850866843523,0.194092
2025-08-14T14:39:09.412584,1.0156850866843523,0.145264
2025-08-14T14:39:09.595585,1.0235349051932718,0.157471
2025-08-14T14:39:09.780584,1.0157226505941472,0.152588
2025-08-14T14:39:09.958240,1.019680649973314,0.13916
2025-08-14T14:39:10.138612,1.0157001193373958,0.20874
2025-08-14T14:39:10.330625,1.0156850866843523,0.13916
2025-08-14T14:39:10.511113,1.023587078764186,0.133057
2025-08-14T14:39:10.719842,1.0157226505941472,0.136719
2025-08-14T14:39:10.893845,1.0157226505941472,0.148926
2025-08-14T14:39:11.071441,1.0079104075506908,0.148926
2025-08-14T14:39:11.249279,1.0196282765135536,0.19043
2025-08-14T14:39:11.443548,1.019568410721419,0.133057
2025-08-14T14:39:11.621548,1.0195908564953886,0.145264
2025-08-14T14:39:11.783538,1.0157602131147885,0.136719
2025-08-14T14:39:11.981606,1.019665695158467,0.140381
2025-08-14T14:39:12.180606,1.0118471882759767,0.133057
2025-08-14T14:39:12.408777,1.0195908564953886,0.137939
2025-08-14T14:39:12.688779,1.0196282765135536,0.180664
2025-08-14T14:39:12.895779,1.0157226505941472,0.211182
2025-08-14T14:39:13.095650,1.0197180666963783,0.13916
2025-08-14T14:39:13.303745,1.0119150417688236,0.133057
2025-08-14T14:39:13.520860,1.015812786004882,0.133057
2025-08-14T14:39:13.760894,1.0156625545942903,0.133057
2025-08-14T14:39:13.982965,1.0196282765135536,0.175781
2025-08-14T14:39:14.181205,1.019665695158467,0.134277
2025-08-14T14:39:14.387007,1.0156625545942903,0.141602
2025-08-14T14:39:14.579928,1.0157602131147885,0.150146
2025-08-14T14:39:14.815928,1.0157226505941472,0.133057
2025-08-14T14:39:15.057650,1.007887701651826,0.135498
2025-08-14T14:39:15.285916,1.0235349051932718,0.161133
2025-08-14T14:39:15.471296,1.0235349051932718,0.144043
2025-08-14T14:39:15.659961,1.019680649973314,0.134277
2025-08-14T14:39:15.897975,1.0195908564953886,0.197754
2025-08-14T14:39:16.126730,1.0196282765135536,0.137939
2025-08-14T14:39:16.361570,1.0196282765135536,0.164795
2025-08-14T14:39:16.576825,1.0196058315633547,0.135498
2025-08-14T14:39:16.814047,1.0273811262214232,0.140381
2025-08-14T14:39:17.068153,1.0157752254283423,0.137939
2025-08-14T14:39:17.287966,1.0234752679102703,0.134277
2025-08-14T14:39:17.560931,1.019680649973314,0.155029
2025-08-14T14:39:17.777772,1.0235349051932718,0.140381
2025-08-14T14:39:17.985761,1.0196058315633547,0.137939
2025-08-14T14:39:18.241504,1.0196582061759714,0.137939
2025-08-14T14:39:18.467571,1.0156850866843523,0.183105
2025-08-14T14:39:18.683854,1.0235349051932718,0.142822
2025-08-14T14:39:18.894510,1.0157001193373958,0.141602
2025-08-14T14:39:19.095583,1.0157226505941472,0.174561
2025-08-14T14:39:19.428101,1.0196282765135536,0.150146
2025-08-14T14:39:19.647392,1.015752695337797,0.140381
2025-08-14T14:39:19.853524,1.019680649973314,0.133057
2025-08-14T14:39:20.057974,1.019665695158467,0.205078
2025-08-14T14:39:20.284883,1.0156850866843523,0.161133
2025-08-14T14:39:20.533528,1.0157226505941472,0.140381
2025-08-14T14:39:20.778224,1.0234976280050678,0.162353
2025-08-14T14:39:20.997210,1.027440536790816,0.166016
2025-08-14T14:39:21.231327,1.0234976280050678,0.134277
2025-08-14T14:39:21.453170,1.0157602131147885,0.184326
2025-08-14T14:39:21.673293,1.0195908564953886,0.134277
2025-08-14T14:39:21.874545,1.0118698053257644,0.146484
2025-08-14T14:39:22.086297,1.0196282765135536,0.144043
2025-08-14T14:39:22.306993,1.019680649973314,0.136719
2025-08-14T14:39:22.516008,1.0195908564953886,0.166016
2025-08-14T14:39:22.776577,1.0157001193373958,0.144043
2025-08-14T14:39:23.015680,1.023587078764186,0.159912
2025-08-14T14:39:23.252556,1.01179440933324,0.147705
2025-08-14T14:39:23.502082,1.0079104075506908,0.147705
2025-08-14T14:39:23.757730,1.0118170275627902,0.158691
2025-08-14T14:39:23.986316,1.0196058315633547,0.206299
2025-08-14T14:39:24.218471,1.0157226505941472,0.169678
2025-08-14T14:39:24.454322,1.0118547350697136,0.142822
2025-08-14T14:39:24.834929,1.0118170275627902,0.145264
2025-08-14T14:39:25.176932,1.0079104075506908,0.151367
2025-08-14T14:39:25.389149,1.0157226505941472,0.175781
2025-08-14T14:39:25.594535,1.0117340799997794,0.147705
2025-08-14T14:39:25.797978,1.019568410721419,0.142822
2025-08-14T14:39:26.027361,1.0273811262214232,0.134277
2025-08-14T14:39:26.263498,1.0157001193373958,0.137939
2025-08-14T14:39:26.467831,1.0195908564953886,0.134277
2025-08-14T14:39:26.703831,1.027440536790816,0.137939
2025-08-14T14:39:26.944391,1.0195908564953886,0.140381
2025-08-14T14:39:27.196068,1.019680649973314,0.177002
2025-08-14T14:39:27.417366,1.0196282765135536,0.177002
2025-08-14T14:39:27.619784,1.0157001193373958,0.140381
2025-08-14T14:39:27.821465,1.0234976280050678,0.145264
2025-08-14T14:39:28.028466,1.0234752679102703,0.147705
2025-08-14T14:39:28.260519,1.0157226505941472,0.142822
2025-08-14T14:39:28.474407,1.0234976280050678,0.134277
2025-08-14T14:39:28.711689,1.0118547350697136,0.196533
2025-08-14T14:39:28.930689,1.01179440933324,0.142822
2025-08-14T14:39:29.164962,1.00796338986741,0.178223
2025-08-14T14:39:29.477363,1.0195908564953886,0.133057
2025-08-14T14:39:29.711658,1.0195908564953886,0.137939
2025-08-14T14:39:29.910454,1.0156850866843523,0.159912
2025-08-14T14:39:30.118439,1.019665695158467,0.184326
2025-08-14T14:39:30.328346,1.0157226505941472,0.13916
2025-08-14T14:39:30.573661,1.0235349051932718,0.135498
2025-08-14T14:39:30.805955,1.0234752679102703,0.175781
2025-08-14T14:39:31.010883,1.0117566995780165,0.151367
2025-08-14T14:39:31.246262,1.0118170275627902,0.135498
2025-08-14T14:39:31.478112,1.0195908564953886,0.137939
2025-08-14T14:39:31.728312,1.0157001193373958,0.166016
2025-08-14T14:39:31.947239,1.0118547350697136,0.137939
2025-08-14T14:39:32.191224,1.01179440933324,0.134277
2025-08-14T14:39:32.420020,1.015812786004882,0.146484
2025-08-14T14:39:32.621318,1.019568410721419,0.141602
2025-08-14T14:39:32.877684,1.0195908564953886,0.13916
2025-08-14T14:39:33.083747,1.0195459644532952,0.148926
2025-08-14T14:39:33.290821,1.0235349051932718,0.148926
2025-08-14T14:39:33.547138,1.0196282765135536,0.178223
2025-08-14T14:39:33.760407,1.0118170275627902,0.146484
2025-08-14T14:39:34.089357,1.0196058315633547,0.137939
2025-08-14T14:39:34.298105,1.0234976280050678,0.144043
2025-08-14T14:39:34.512010,1.0117566995780165,0.13916
2025-08-14T14:39:34.743307,0.9727344376205664,0.13916
2025-08-14T14:39:34.988464,1.0117793186505644,0.13916
2025-08-14T14:39:35.221063,1.0196058315633547,0.166016
2025-08-14T14:39:35.424867,1.0157001193373958,0.142822
2025-08-14T14:39:35.633440,1.0235349051932718,0.133057
2025-08-14T14:39:35.861085,1.0118547350697136,0.163574
2025-08-14T14:39:36.222386,1.0156850866843523,0.134277
2025-08-14T14:39:36.433910,1.0156625545942903,0.155029
2025-08-14T14:39:36.780029,1.0197180666963783,0.15625
2025-08-14T14:39:37.162293,1.0118698053257644,0.136719
2025-08-14T14:39:37.594446,1.0157226505941472,0.168457
2025-08-14T14:39:38.000427,1.0157226505941472,0.147705
2025-08-14T14:39:38.654061,1.0234752679102703,0.200195
2025-08-14T14:39:39.061901,1.0391207314513553,0.146484
2025-08-14T14:39:40.350707,1.0118547350697136,0.146484
2025-08-14T14:39:40.590749,1.0235349051932718,0.141602
2025-08-14T14:39:40.796329,1.0235349051932718,0.194092
2025-08-14T14:39:41.013442,1.0156850866843523,0.142822
2025-08-14T14:39:41.232281,1.0196282765135536,0.141602
2025-08-14T14:39:41.449376,1.0118170275627902,0.145264
2025-08-14T14:39:41.701376,1.0157752254283423,0.147705
2025-08-14T14:39:41.947335,1.0117793186505644,0.198975
2025-08-14T14:39:42.148189,1.0156625545942903,0.135498
2025-08-14T14:39:42.359505,1.0118170275627902,0.136719
2025-08-14T14:39:42.609539,1.0118170275627902,0.185547
2025-08-14T14:39:42.866609,1.0196058315633547,0.19043
2025-08-14T14:39:43.075348,1.0195908564953886,0.136719
2025-08-14T14:39:43.465397,1.0312869856058495,0.211182
2025-08-14T14:39:43.667073,1.0195908564953886,0.146484
2025-08-14T14:39:43.897135,1.0118170275627902,0.13916
2025-08-14T14:39:44.117627,1.0157602131147885,0.135498
2025-08-14T14:39:44.378192,1.0196282765135536,0.13916
2025-08-14T14:39:44.609900,1.0157226505941472,0.148926
2025-08-14T14:39:44.879212,1.019680649973314,0.136719
2025-08-14T14:39:45.147003,1.0080315047899049,0.135498
2025-08-14T14:39:45.344181,1.0235349051932718,0.142822
2025-08-14T14:39:45.551181,1.0080012415319737,0.184326
2025-08-14T14:39:45.773181,1.0118170275627902,0.150146
2025-08-14T14:39:45.984424,1.0196282765135536,0.135498
2025-08-14T14:39:46.235168,1.0196282765135536,0.136719
2025-08-14T14:39:46.445266,1.0118170275627902,0.148926
2025-08-14T14:39:46.668377,1.0156625545942903,0.135498
2025-08-14T14:39:46.870268,1.0235349051932718,0.147705
2025-08-14T14:39:47.086753,1.0157001193373958,0.135498
2025-08-14T14:39:47.335111,1.0196058315633547,0.177002
2025-08-14T14:39:47.567236,1.0157602131147885,0.13916
2025-08-14T14:39:47.784737,1.0118547350697136,0.146484
2025-08-14T14:39:48.007076,1.007872552474766,0.13916
2025-08-14T14:39:48.243862,1.0196058315633547,0.15625
2025-08-14T14:39:48.482057,1.0157001193373958,0.164795
2025-08-14T14:39:48.697348,1.0196058315633547,0.148926
2025-08-14T14:39:48.910662,1.0118698053257644,0.159912
2025-08-14T14:39:49.124788,1.0235125459128482,0.135498
2025-08-14T14:39:49.348687,1.0195908564953886,0.153809
2025-08-14T14:39:49.609727,1.0236541540720674,0.135498
2025-08-14T14:39:49.810887,1.0196282765135536,0.17334
2025-08-14T14:39:50.045875,1.0196582061759714,0.177002
2025-08-14T14:39:50.261722,1.019680649973314,0.135498
2025-08-14T14:39:50.489483,1.0196058315633547,0.213623
2025-08-14T14:39:50.732693,1.027440536790816,0.144043
