id,time,x_axis,y_axis,z_axis,LED,fall,magnitude,light,temp,tilt,mag,sound,flame
1,20:07:33,-0.074219,0.019531,1.015625,000,-1,1.0185205253439913,156.311019,24.384881,0.020752,3.431396,0.319824,4.333496
2,20:07:33,-0.070312,0.019531,1.019531,000,-1,1.0221392748867444,156.127914,24.384881,0.020752,3.431396,0.319824,4.337158
3,20:07:33,-0.074219,0.015625,1.011719,000,-1,1.0145580000901873,156.066879,24.384881,0.020752,3.431396,0.317383,4.339599
4,20:07:33,-0.074219,0.019531,1.015625,000,-1,1.0185205253439913,156.066879,24.384881,0.020752,3.432617,0.322266,4.337158
5,20:07:34,-0.070312,0.019531,1.011719,000,-1,1.0143473627244268,156.127914,24.384881,0.020752,3.432617,0.324707,4.334716
6,20:07:34,-0.074219,0.015625,1.019531,000,-1,1.0223483068636636,156.249984,24.384881,0.020752,3.432617,0.335693,4.335937
7,20:07:34,-0.066406,0.019531,1.011719,000,-1,1.0140840950128347,156.127914,24.384881,0.020752,3.432617,0.335693,4.338378
8,20:07:34,-0.078125,0.015625,1.011719,000,-1,1.014851216292812,156.066879,24.384881,0.020752,3.431396,0.328369,4.338378
9,20:08:20,-0.078125,0.019531,1.007812,000,-1,1.011024234590843,157.348617,24.441588,0.020752,3.432617,0.317383,4.337158
10,20:08:20,-0.074219,0.019531,1.019531,000,-1,1.0224154634408655,157.348617,24.441588,0.020752,3.431396,0.317383,4.337158
11,20:08:20,-0.078125,0.015625,1.015625,000,-1,1.01874520704394,157.470687,24.432136,0.019531,3.431396,0.317383,4.334716
12,20:08:20,-0.074219,0.023438,1.011719,000,-1,1.0147083988841328,157.531722,24.441588,0.019531,3.431396,0.317383,4.333496
13,20:08:20,-0.074219,0.019531,1.019531,000,-1,1.0224154634408655,157.531722,24.441588,0.020752,3.431396,0.323486,4.34082
14,20:08:21,-0.074219,0.019531,1.019531,000,-1,1.0224154634408655,157.470687,24.441588,0.020752,3.431396,0.323486,4.337158
15,20:08:21,-0.078125,0.019531,1.023438,000,-1,1.0266013420164617,157.409652,24.441588,0.019531,3.431396,0.317383,4.335937
16,20:08:21,-0.074219,0.019531,1.019531,000,-1,1.0224154634408655,157.409652,24.441588,0.020752,3.432617,0.317383,4.335937
17,20:08:21,-0.074219,0.027344,1.011719,000,-1,1.0148061338295113,157.409652,24.441588,0.019531,3.431396,0.314941,4.334716
18,20:08:21,-0.074219,0.023438,1.019531,000,-1,1.0224975597848631,157.409652,24.441588,0.020752,3.432617,0.322266,4.334716
19,20:08:21,-0.070312,0.019531,1.007812,000,-1,1.0104505255820295,157.531722,24.441588,0.019531,3.431396,0.325928,4.333496
20,20:08:21,-0.078125,0.015625,1.011719,000,-1,1.014851216292812,157.531722,24.441588,0.019531,3.431396,0.328369,4.333496
21,20:08:21,-0.074219,0.019531,1.007812,000,-1,1.0107299081683494,157.592757,24.441588,0.019531,3.431396,0.335693,4.333496
22,20:08:21,-0.074219,0.019531,1.007812,000,-1,1.0107299081683494,157.531722,24.422684,0.019531,3.431396,0.340576,4.335937
23,20:08:21,-0.078125,0.019531,1.023438,000,-1,1.0266013420164617,157.470687,24.441588,0.019531,3.432617,0.345459,4.334716
24,20:08:22,-0.066406,0.023438,1.015625,000,-1,1.0180634741041443,157.470687,24.441588,0.020752,3.432617,0.336914,4.338378
25,20:08:22,-0.074219,0.027344,1.019531,000,-1,1.0225945502778704,157.409652,24.441588,0.019531,3.432617,0.328369,4.335937
26,20:08:22,-0.074219,0.023438,1.015625,000,-1,1.0186029356083752,157.409652,24.441588,0.019531,3.431396,0.323486,4.335937
27,20:08:22,-0.074219,0.027344,1.011719,000,-1,1.0148061338295113,157.409652,24.432136,0.019531,3.431396,0.318603,4.338378
28,20:08:22,-0.074219,0.015625,1.015625,000,-1,1.018453111935449,157.531722,24.441588,0.019531,3.431396,0.319824,4.334716
29,20:08:22,-0.078125,0.015625,1.019531,000,-1,1.0226392893933813,157.531722,24.441588,0.019531,3.431396,0.321045,4.333496
30,20:08:22,-0.078125,0.019531,1.015625,000,-1,1.0188126011249565,157.592757,24.441588,0.019531,3.431396,0.324707,4.334716
31,20:08:22,-0.082031,0.019531,1.015625,000,-1,1.0191195639114186,157.531722,24.441588,0.019531,3.431396,0.327148,4.335937
32,20:08:22,-0.078125,0.015625,1.011719,000,-1,1.014851216292812,157.470687,24.441588,0.019531,3.432617,0.322266,4.335937
33,20:08:22,-0.078125,0.019531,1.015625,000,-1,1.0188126011249565,157.409652,24.441588,0.019531,3.431396,0.319824,4.334716
34,20:08:23,-0.078125,0.015625,1.011719,000,-1,1.014851216292812,157.409652,24.441588,0.019531,3.431396,0.318603,4.338378
35,20:08:23,-0.074219,0.019531,1.015625,000,-1,1.0185205253439913,157.409652,24.422684,0.019531,3.431396,0.317383,4.335937
36,20:08:23,-0.082031,0.023438,1.011719,000,-1,1.015309686630636,157.470687,24.45104,0.019531,3.431396,0.319824,4.337158
37,20:08:23,-0.074219,0.027344,1.007812,000,-1,1.0109110651491555,157.409652,24.441588,0.019531,3.431396,0.322266,4.335937
38,20:08:23,-0.078125,0.023438,1.019531,000,-1,1.022788499852242,157.470687,24.441588,0.019531,3.432617,0.325928,4.334716
39,20:08:23,-0.078125,0.015625,1.011719,000,-1,1.014851216292812,157.531722,24.432136,0.020752,3.432617,0.327148,4.334716
40,20:08:23,-0.074219,0.019531,1.011719,000,-1,1.0146256722964386,157.531722,24.441588,0.019531,3.432617,0.333252,4.333496
41,20:08:23,-0.078125,0.023438,1.011719,000,-1,1.0150015716391774,157.592757,24.432136,0.019531,3.432617,0.338135,4.334716
42,20:08:23,-0.078125,0.023438,1.019531,000,-1,1.022788499852242,157.531722,24.441588,0.019531,3.430175,0.344238,4.337158
43,20:08:23,-0.078125,0.023438,1.011719,000,-1,1.0150015716391774,157.470687,24.432136,0.019531,3.431396,0.343018,4.335937
44,20:08:24,-0.074219,0.023438,1.015625,000,-1,1.0186029356083752,157.409652,24.441588,0.019531,3.431396,0.335693,4.335937
45,20:08:24,-0.074219,0.015625,1.015625,000,-1,1.018453111935449,157.348617,24.432136,0.020752,3.432617,0.328369,4.337158
46,20:08:24,-0.074219,0.019531,1.015625,000,-1,1.0185205253439913,157.348617,24.432136,0.019531,3.431396,0.324707,4.338378
47,20:08:24,-0.074219,0.019531,1.023438,000,-1,1.0263114828189346,157.348617,24.441588,0.019531,3.431396,0.318603,4.338378
48,20:08:24,-0.078125,0.019531,1.019531,000,-1,1.0227064268630561,157.348617,24.441588,0.019531,3.432617,0.317383,4.335937
49,20:08:24,-0.070312,0.019531,1.019531,000,-1,1.0221392748867444,157.409652,24.432136,0.019531,3.431396,0.318603,4.334716
50,20:08:24,-0.078125,0.011719,1.011719,000,-1,1.0147985935874173,157.409652,24.441588,0.019531,3.431396,0.325928,4.334716
51,20:08:24,-0.074219,0.015625,1.023438,000,-1,1.0262445811939764,157.348617,24.441588,0.019531,3.431396,0.324707,4.338378
52,20:08:24,-0.074219,0.019531,1.015625,000,-1,1.0185205253439913,157.287582,24.432136,0.019531,3.431396,0.319824,4.338378
53,20:08:24,-0.074219,0.015625,1.015625,000,-1,1.018453111935449,157.287582,24.432136,0.019531,3.432617,0.318603,4.342041
54,20:08:25,-0.074219,0.015625,1.023438,000,-1,1.0262445811939764,157.226546,24.432136,0.019531,3.432617,0.319824,4.337158
55,20:08:25,-0.074219,0.023438,1.011719,000,-1,1.0147083988841328,157.226546,24.432136,0.019531,3.430175,0.322266,4.337158
56,20:08:25,-0.078125,0.015625,1.011719,000,-1,1.014851216292812,157.226546,24.432136,0.020752,3.432617,0.323486,4.337158
57,20:08:25,-0.078125,0.023438,1.015625,000,-1,1.0188949877656677,157.226546,24.441588,0.019531,3.432617,0.333252,4.337158
58,20:08:25,-0.078125,0.019531,1.019531,000,-1,1.0227064268630561,157.043441,24.441588,0.019531,3.431396,0.344238,4.337158
59,20:08:25,-0.074219,0.019531,1.011719,000,-1,1.0146256722964386,156.7993,24.441588,0.020752,3.432617,0.335693,4.339599
60,20:08:25,-0.074219,0.019531,1.011719,000,-1,1.0146256722964386,156.67723,24.432136,0.019531,3.432617,0.330811,4.338378
61,20:08:25,-0.078125,0.015625,1.015625,000,-1,1.01874520704394,156.616195,24.432136,0.019531,3.431396,0.324707,4.34082
62,20:08:25,-0.074219,0.015625,1.003906,000,-1,1.0067670323476032,156.616195,24.441588,0.020752,3.431396,0.318603,4.339599
63,20:08:26,-0.078125,0.023438,1.015625,000,-1,1.0188949877656677,156.616195,24.432136,0.019531,3.430175,0.316162,4.339599
64,20:08:26,-0.078125,0.015625,1.019531,000,-1,1.0226392893933813,156.616195,24.432136,0.019531,3.432617,0.316162,4.335937
65,20:08:26,-0.070312,0.019531,1.011719,000,-1,1.0143473627244268,156.616195,24.441588,0.019531,3.432617,0.316162,4.337158
66,20:08:26,-0.078125,0.019531,1.015625,000,-1,1.0188126011249565,156.67723,24.441588,0.019531,3.432617,0.319824,4.337158
67,20:08:26,-0.074219,0.019531,1.027344,000,-1,1.03020658814531,156.67723,24.441588,0.019531,3.431396,0.323486,4.339599
68,20:08:26,-0.078125,0.019531,1.015625,000,-1,1.0188126011249565,156.616195,24.441588,0.020752,3.431396,0.325928,4.337158
69,20:08:26,-0.078125,0.015625,1.015625,000,-1,1.01874520704394,156.55516,24.432136,0.020752,3.432617,0.322266,4.339599
70,20:08:26,-0.074219,0.019531,1.015625,000,-1,1.0185205253439913,156.494125,24.432136,0.020752,3.432617,0.318603,4.339599
71,20:08:26,-0.074219,0.019531,1.015625,000,-1,1.0185205253439913,156.433089,24.432136,0.020752,3.431396,0.317383,4.338378
72,20:08:26,-0.074219,0.023438,1.015625,000,-1,1.0186029356083752,156.433089,24.441588,0.020752,3.431396,0.319824,4.339599
73,20:08:27,-0.078125,0.023438,1.015625,000,-1,1.0188949877656677,156.55516,24.441588,0.020752,3.432617,0.321045,4.337158
74,20:08:27,-0.070312,0.015625,1.011719,000,-1,1.0142796719495073,156.616195,24.441588,0.020752,3.432617,0.324707,4.337158
75,20:08:27,-0.078125,0.015625,1.019531,000,-1,1.0226392893933813,156.67723,24.432136,0.020752,3.431396,0.328369,4.337158
76,20:08:27,-0.074219,0.023438,1.015625,000,-1,1.0186029356083752,156.67723,24.432136,0.020752,3.431396,0.333252,4.337158
77,20:08:27,-0.078125,0.011719,1.011719,000,-1,1.0147985935874173,156.67723,24.432136,0.020752,3.431396,0.333252,4.337158
78,20:08:27,-0.074219,0.011719,1.015625,000,-1,1.018400675346889,156.67723,24.441588,0.019531,3.431396,0.340576,4.338378
79,20:08:27,-0.074219,0.019531,1.019531,000,-1,1.0224154634408655,156.55516,24.432136,0.020752,3.431396,0.336914,4.34082
80,20:08:27,-0.078125,0.019531,1.007812,000,-1,1.011024234590843,156.55516,24.432136,0.020752,3.431396,0.32959,4.339599
81,20:08:27,-0.078125,0.019531,1.023438,000,-1,1.0266013420164617,156.494125,24.432136,0.019531,3.432617,0.322266,4.338378
82,20:08:27,-0.078125,0.019531,1.011719,000,-1,1.0149188689481539,156.55516,24.432136,0.020752,3.431396,0.316162,4.338378
83,20:08:28,-0.074219,0.019531,1.019531,000,-1,1.0224154634408655,156.616195,24.432136,0.020752,3.431396,0.316162,4.343261
84,20:08:28,-0.078125,0.015625,1.019531,000,-1,1.0226392893933813,156.616195,24.432136,0.020752,3.430175,0.314941,4.339599
85,20:08:28,-0.074219,0.019531,1.019531,000,-1,1.0224154634408655,156.67723,24.432136,0.020752,3.432617,0.316162,4.333496
86,20:08:28,-0.078125,0.011719,1.011719,000,-1,1.0147985935874173,156.738265,24.432136,0.019531,3.432617,0.321045,4.335937
87,20:08:28,-0.074219,0.023438,1.007812,000,-1,1.0108129535918107,156.494125,24.432136,0.020752,3.431396,0.318603,4.339599
88,20:08:28,-0.074219,0.019531,1.011719,000,-1,1.0146256722964386,156.55516,24.432136,0.019531,3.431396,0.318603,4.339599
89,20:08:28,-0.074219,0.023438,1.015625,000,-1,1.0186029356083752,156.616195,24.432136,0.019531,3.432617,0.322266,4.338378
90,20:08:28,-0.074219,0.015625,1.019531,000,-1,1.0223483068636636,156.738265,24.432136,0.019531,3.431396,0.32959,4.334716
91,20:08:28,-0.074219,0.019531,1.015625,000,-1,1.0185205253439913,156.738265,24.441588,0.020752,3.431396,0.336914,4.34082
92,20:08:28,-0.078125,0.019531,1.019531,000,-1,1.0227064268630561,156.738265,24.432136,0.020752,3.431396,0.341797,4.338378
93,20:08:29,-0.078125,0.015625,1.007812,000,-1,1.0109563213086903,156.55516,24.432136,0.020752,3.431396,0.333252,4.342041
94,20:08:29,-0.074219,0.019531,1.015625,000,-1,1.0185205253439913,156.55516,24.432136,0.020752,3.431396,0.327148,4.343261
95,20:08:29,-0.070312,0.019531,1.023438,000,-1,1.0260363429961923,156.55516,24.432136,0.020752,3.432617,0.321045,4.339599
96,20:08:29,-0.074219,0.023438,1.011719,000,-1,1.0147083988841328,156.494125,24.432136,0.020752,3.431396,0.317383,4.339599
97,20:08:29,-0.074219,0.019531,1.015625,000,-1,1.0185205253439913,156.55516,24.432136,0.020752,3.431396,0.317383,4.337158
98,20:08:29,-0.078125,0.015625,1.015625,000,-1,1.01874520704394,156.67723,24.432136,0.019531,3.432617,0.314941,4.338378
99,20:08:29,-0.070312,0.019531,1.015625,000,-1,1.018243280326465,156.67723,24.441588,0.019531,3.432617,0.316162,4.337158
100,20:08:29,-0.078125,0.019531,1.003906,000,-1,1.0071306928209465,156.67723,24.432136,0.020752,3.431396,0.324707,4.338378
101,20:08:29,-0.074219,0.019531,1.015625,000,-1,1.0185205253439913,156.616195,24.432136,0.020752,3.431396,0.322266,4.339599
102,20:08:29,-0.074219,0.019531,1.015625,000,-1,1.0185205253439913,156.55516,24.432136,0.020752,3.431396,0.319824,4.339599
103,20:08:30,-0.074219,0.015625,1.015625,000,-1,1.018453111935449,156.55516,24.432136,0.020752,3.431396,0.317383,4.34082
104,20:08:30,-0.070312,0.027344,1.015625,000,-1,1.0184231008303966,156.494125,24.432136,0.020752,3.432617,0.314941,4.345703
105,20:08:30,-0.074219,0.023438,1.011719,000,-1,1.0147083988841328,156.55516,24.432136,0.019531,3.432617,0.318603,4.337158
106,20:08:30,-0.078125,0.023438,1.011719,000,-1,1.0150015716391774,156.55516,24.432136,0.020752,3.431396,0.322266,4.339599
107,20:08:30,-0.074219,0.019531,1.007812,000,-1,1.0107299081683494,156.67723,24.441588,0.020752,3.431396,0.335693,4.337158
108,20:08:30,-0.070312,0.019531,1.015625,000,-1,1.018243280326465,156.67723,24.441588,0.019531,3.431396,0.34668,4.339599
109,20:08:30,-0.074219,0.019531,1.011719,000,-1,1.0146256722964386,156.55516,24.432136,0.019531,3.431396,0.328369,4.342041
110,20:08:30,-0.074219,0.015625,1.015625,000,-1,1.018453111935449,156.494125,24.432136,0.019531,3.431396,0.322266,4.34082
111,20:08:30,-0.070312,0.023438,1.011719,000,-1,1.0144301120082153,156.494125,24.432136,0.019531,3.431396,0.319824,4.34082
112,20:08:31,-0.074219,0.015625,1.011719,000,-1,1.0145580000901873,156.616195,24.432136,0.020752,3.431396,0.317383,4.338378
113,20:08:31,-0.070312,0.023438,1.015625,000,-1,1.0183257130275165,156.7993,24.441588,0.019531,3.432617,0.317383,4.334716
114,20:08:31,-0.078125,0.019531,1.007812,000,-1,1.011024234590843,156.860335,24.432136,0.020752,3.431396,0.317383,4.335937
115,20:08:31,-0.074219,0.011719,1.019531,000,-1,1.02229607007119,157.043441,24.432136,0.019531,3.432617,0.325928,4.337158
116,20:08:31,-0.078125,0.019531,1.023438,000,-1,1.0266013420164617,157.104476,24.441588,0.020752,3.431396,0.322266,4.338378
117,20:08:31,-0.078125,0.019531,1.015625,000,-1,1.0188126011249565,157.165511,24.441588,0.019531,3.431396,0.321045,4.338378
118,20:08:31,-0.074219,0.019531,1.015625,000,-1,1.0185205253439913,157.165511,24.441588,0.019531,3.432617,0.318603,4.338378
119,20:08:31,-0.074219,0.019531,1.011719,000,-1,1.0146256722964386,157.226546,24.441588,0.020752,3.432617,0.321045,4.339599
120,20:08:31,-0.070312,0.019531,1.011719,000,-1,1.0143473627244268,157.226546,24.441588,0.020752,3.431396,0.322266,4.337158
121,20:08:31,-0.078125,0.019531,1.007812,000,-1,1.011024234590843,157.348617,24.441588,0.020752,3.431396,0.324707,4.338378
122,20:08:32,-0.074219,0.019531,1.007812,000,-1,1.0107299081683494,157.409652,24.441588,0.020752,3.432617,0.327148,4.335937
123,20:08:32,-0.078125,0.015625,1.019531,000,-1,1.0226392893933813,157.470687,24.441588,0.019531,3.431396,0.333252,4.335937
124,20:08:32,-0.074219,0.015625,1.007812,000,-1,1.010661975108394,157.409652,24.441588,0.019531,3.431396,0.345459,4.335937
125,20:08:32,-0.078125,0.019531,1.011719,000,-1,1.0149188689481539,157.348617,24.441588,0.020752,3.431396,0.341797,4.337158
126,20:08:32,-0.074219,0.023438,1.015625,000,-1,1.0186029356083752,157.287582,24.432136,0.019531,3.432617,0.328369,4.338378
127,20:08:32,-0.078125,0.019531,1.015625,000,-1,1.0188126011249565,157.287582,24.441588,0.020752,3.431396,0.323486,4.337158
128,20:08:32,-0.074219,0.015625,1.011719,000,-1,1.0145580000901873,157.348617,24.441588,0.020752,3.432617,0.317383,4.335937
129,20:08:32,-0.078125,0.015625,1.011719,000,-1,1.014851216292812,157.409652,24.441588,0.019531,3.432617,0.317383,4.334716
130,20:08:32,-0.078125,0.019531,1.015625,000,-1,1.0188126011249565,157.531722,24.441588,0.019531,3.431396,0.317383,4.334716
131,20:08:33,-0.074219,0.019531,1.007812,000,-1,1.0107299081683494,157.531722,24.45104,0.020752,3.431396,0.318603,4.333496
132,20:08:33,-0.074219,0.023438,1.011719,000,-1,1.0147083988841328,157.531722,24.441588,0.019531,3.431396,0.321045,4.332275
133,20:08:33,-0.078125,0.019531,1.015625,000,-1,1.0188126011249565,157.470687,24.441588,0.019531,3.431396,0.323486,4.335937
134,20:08:33,-0.078125,0.015625,1.015625,000,-1,1.01874520704394,157.470687,24.441588,0.019531,3.431396,0.322266,4.337158
135,20:08:33,-0.074219,0.019531,1.007812,000,-1,1.0107299081683494,157.409652,24.45104,0.020752,3.431396,0.317383,4.335937
136,20:08:33,-0.078125,0.023438,1.019531,000,-1,1.022788499852242,157.348617,24.441588,0.020752,3.432617,0.316162,4.335937
137,20:08:33,-0.074219,0.019531,1.019531,000,-1,1.0224154634408655,157.348617,24.441588,0.020752,3.431396,0.316162,4.337158
138,20:08:33,-0.070312,0.015625,1.007812,000,-1,1.0103825737377896,157.348617,24.441588,0.020752,3.431396,0.318603,4.339599
139,20:08:33,-0.074219,0.019531,1.015625,000,-1,1.0185205253439913,157.409652,24.441588,0.019531,3.432617,0.321045,4.334716
140,20:08:33,-0.078125,0.015625,1.015625,000,-1,1.01874520704394,157.470687,24.45104,0.019531,3.431396,0.322266,4.334716
141,20:08:34,-0.074219,0.019531,1.011719,000,-1,1.0146256722964386,157.531722,24.441588,0.019531,3.431396,0.334473,4.334716
142,20:08:34,-0.074219,0.015625,1.015625,000,-1,1.018453111935449,157.531722,24.441588,0.020752,3.431396,0.338135,4.335937
143,20:08:34,-0.078125,0.019531,1.015625,000,-1,1.0188126011249565,157.470687,24.432136,0.020752,3.431396,0.34668,4.337158
144,20:08:34,-0.074219,0.015625,1.019531,000,-1,1.0223483068636636,157.409652,24.441588,0.019531,3.431396,0.338135,4.338378
145,20:08:34,-0.078125,0.015625,1.011719,000,-1,1.014851216292812,157.409652,24.441588,0.019531,3.431396,0.330811,4.338378
146,20:08:34,-0.074219,0.015625,1.015625,000,-1,1.018453111935449,157.409652,24.441588,0.019531,3.431396,0.328369,4.337158
147,20:08:34,-0.078125,0.019531,1.015625,000,-1,1.0188126011249565,157.348617,24.441588,0.019531,3.432617,0.319824,4.337158
148,20:08:34,-0.078125,0.019531,1.019531,000,-1,1.0227064268630561,157.409652,24.441588,0.019531,3.431396,0.318603,4.337158
149,20:08:34,-0.078125,0.015625,1.015625,000,-1,1.01874520704394,157.470687,24.45104,0.019531,3.432617,0.316162,4.335937
150,20:08:34,-0.070312,0.023438,1.011719,000,-1,1.0144301120082153,157.531722,24.45104,0.019531,3.431396,0.321045,4.337158
151,20:08:35,-0.078125,0.015625,1.011719,000,-1,1.014851216292812,157.531722,24.45104,0.020752,3.431396,0.324707,4.334716
152,20:08:35,-0.078125,0.019531,1.019531,000,-1,1.0227064268630561,157.470687,24.45104,0.019531,3.431396,0.323486,4.335937
153,20:08:35,-0.074219,0.023438,1.011719,000,-1,1.0147083988841328,157.348617,24.45104,0.020752,3.432617,0.316162,4.335937
154,20:08:35,-0.078125,0.015625,1.011719,000,-1,1.014851216292812,157.409652,24.45104,0.019531,3.432617,0.316162,4.334716
155,20:08:35,-0.078125,0.015625,1.019531,000,-1,1.0226392893933813,157.470687,24.441588,0.020752,3.431396,0.319824,4.335937
156,20:08:35,-0.078125,0.019531,1.023438,000,-1,1.0266013420164617,157.531722,24.45104,0.019531,3.431396,0.325928,4.333496
157,20:08:35,-0.078125,0.019531,1.015625,000,-1,1.0188126011249565,157.592757,24.45104,0.019531,3.431396,0.32959,4.334716
158,20:08:35,-0.078125,0.019531,1.015625,000,-1,1.0188126011249565,157.531722,24.45104,0.019531,3.431396,0.335693,4.338378
159,20:08:35,-0.074219,0.023438,1.015625,000,-1,1.0186029356083752,157.470687,24.460493,0.020752,3.431396,0.340576,4.337158
160,20:08:35,-0.078125,0.015625,1.015625,000,-1,1.01874520704394,157.409652,24.441588,0.019531,3.431396,0.322266,4.338378
161,20:08:36,-0.066406,0.015625,1.019531,000,-1,1.0218108227171994,157.348617,24.441588,0.019531,3.432617,0.318603,4.337158
162,20:08:36,-0.082031,0.015625,1.015625,000,-1,1.019052190131104,157.348617,24.441588,0.020752,3.431396,0.316162,4.335937
163,20:08:36,-0.078125,0.011719,1.019531,000,-1,1.022587067465162,157.409652,24.45104,0.020752,3.431396,0.314941,4.335937
164,20:08:36,-0.070312,0.019531,1.023438,000,-1,1.0260363429961923,157.470687,24.441588,0.020752,3.431396,0.313721,4.335937
165,20:08:36,-0.074219,0.015625,1.015625,000,-1,1.018453111935449,157.470687,24.441588,0.019531,3.431396,0.313721,4.334716
166,20:08:36,-0.070312,0.015625,1.015625,000,-1,1.018175848561534,157.531722,24.441588,0.019531,3.431396,0.313721,4.334716
167,20:08:36,-0.074219,0.019531,1.015625,000,-1,1.0185205253439913,157.531722,24.45104,0.019531,3.431396,0.317383,4.333496
168,20:08:36,-0.078125,0.023438,1.011719,000,-1,1.0150015716391774,157.409652,24.441588,0.019531,3.431396,0.322266,4.334716
169,20:08:36,-0.070312,0.023438,1.019531,000,-1,1.0222213934119164,157.409652,24.441588,0.019531,3.431396,0.317383,4.342041
170,20:08:36,-0.078125,0.019531,1.011719,000,-1,1.0149188689481539,157.104476,24.441588,0.019531,3.431396,0.313721,4.337158
171,20:08:37,-0.078125,0.023438,1.007812,000,-1,1.0111072558403484,157.287582,24.45104,0.020752,3.432617,0.319824,4.337158
172,20:08:37,-0.070312,0.015625,1.019531,000,-1,1.0220721001622144,157.409652,24.441588,0.020752,3.431396,0.319824,4.335937
173,20:08:37,-0.074219,0.019531,1.023438,000,-1,1.0263114828189346,157.470687,24.441588,0.020752,3.431396,0.321045,4.335937
174,20:08:37,-0.078125,0.015625,1.019531,000,-1,1.0226392893933813,157.470687,24.422684,0.019531,3.431396,0.333252,4.331054
175,20:08:37,-0.078125,0.023438,1.015625,000,-1,1.0188949877656677,157.287582,24.441588,0.019531,3.431396,0.334473,4.338378
176,20:08:37,-0.078125,0.015625,1.015625,000,-1,1.01874520704394,157.226546,24.441588,0.019531,3.431396,0.323486,4.339599
177,20:08:37,-0.078125,0.015625,1.011719,000,-1,1.014851216292812,157.226546,24.441588,0.020752,3.430175,0.316162,4.337158
178,20:08:37,-0.074219,0.015625,1.015625,000,-1,1.018453111935449,157.287582,24.441588,0.019531,3.431396,0.3125,4.337158
179,20:08:37,-0.074219,0.023438,1.011719,000,-1,1.0147083988841328,157.287582,24.45104,0.020752,3.430175,0.310059,4.337158
180,20:08:37,-0.070312,0.019531,1.015625,000,-1,1.018243280326465,157.226546,24.441588,0.020752,3.432617,0.310059,4.335937
181,20:08:38,-0.082031,0.015625,1.019531,000,-1,1.0229451038775248,157.226546,24.441588,0.019531,3.431396,0.316162,4.335937
182,20:08:38,-0.074219,0.015625,1.011719,000,-1,1.0145580000901873,157.043441,24.441588,0.019531,3.432617,0.322266,4.337158
183,20:08:38,-0.074219,0.019531,1.007812,000,-1,1.0107299081683494,156.921371,24.441588,0.020752,3.431396,0.316162,4.338378
184,20:08:38,-0.074219,0.019531,1.027344,000,-1,1.03020658814531,156.860335,24.441588,0.020752,3.432617,0.313721,4.338378
185,20:08:38,-0.074219,0.019531,1.011719,000,-1,1.0146256722964386,156.7993,24.441588,0.020752,3.431396,0.316162,4.337158
186,20:08:38,-0.074219,0.023438,1.019531,000,-1,1.0224975597848631,156.921371,24.441588,0.020752,3.431396,0.323486,4.337158
187,20:08:38,-0.074219,0.015625,1.019531,000,-1,1.0223483068636636,156.860335,24.441588,0.020752,3.431396,0.336914,4.337158
188,20:08:38,-0.074219,0.015625,1.007812,000,-1,1.010661975108394,156.738265,24.441588,0.020752,3.431396,0.341797,4.342041
189,20:08:38,-0.074219,0.015625,1.011719,000,-1,1.0145580000901873,156.67723,24.441588,0.020752,3.432617,0.330811,4.339599
190,20:08:38,-0.078125,0.023438,1.015625,000,-1,1.0188949877656677,156.55516,24.441588,0.020752,3.432617,0.318603,4.34082
191,20:08:39,-0.074219,0.015625,1.015625,000,-1,1.018453111935449,156.494125,24.45104,0.020752,3.431396,0.314941,4.339599
192,20:08:39,-0.074219,0.019531,1.011719,000,-1,1.0146256722964386,156.55516,24.45104,0.020752,3.432617,0.313721,4.337158
193,20:08:39,-0.074219,0.019531,1.011719,000,-1,1.0146256722964386,156.55516,24.441588,0.020752,3.431396,0.313721,4.34082
194,20:08:39,-0.074219,0.019531,1.019531,000,-1,1.0224154634408655,156.55516,24.45104,0.020752,3.432617,0.3125,4.334716
195,20:08:39,-0.074219,0.015625,1.019531,000,-1,1.0223483068636636,156.55516,24.45104,0.020752,3.431396,0.314941,4.335937
196,20:08:39,-0.078125,0.011719,1.011719,000,-1,1.0147985935874173,156.433089,24.441588,0.019531,3.431396,0.321045,4.337158
197,20:08:39,-0.078125,0.023438,1.007812,000,-1,1.0111072558403484,156.311019,24.441588,0.020752,3.431396,0.318603,4.337158
198,20:08:39,-0.074219,0.015625,1.011719,000,-1,1.0145580000901873,156.188949,24.441588,0.020752,3.432617,0.313721,4.334716
199,20:08:39,-0.074219,0.015625,1.015625,000,-1,1.018453111935449,156.249984,24.45104,0.020752,3.431396,0.3125,4.335937
200,20:08:39,-0.074219,0.019531,1.011719,000,-1,1.0146256722964386,156.311019,24.441588,0.020752,3.431396,0.3125,4.335937
201,20:08:40,-0.074219,0.019531,1.019531,000,-1,1.0224154634408655,156.311019,24.45104,0.020752,3.431396,0.313721,4.334716
202,20:08:40,-0.082031,0.019531,1.019531,000,-1,1.023012221277439,156.311019,24.441588,0.020752,3.431396,0.318603,4.335937
203,20:08:40,-0.074219,0.019531,1.011719,000,-1,1.0146256722964386,156.311019,24.441588,0.020752,3.432617,0.318603,4.331054
204,20:08:40,-0.070312,0.019531,1.015625,000,-1,1.018243280326465,156.311019,24.45104,0.020752,3.431396,0.321045,4.332275
205,20:08:40,-0.078125,0.015625,1.007812,000,-1,1.0109563213086903,156.311019,24.441588,0.019531,3.432617,0.324707,4.333496
206,20:08:40,-0.074219,0.019531,1.011719,000,-1,1.0146256722964386,156.188949,24.45104,0.020752,3.431396,0.330811,4.332275
207,20:08:40,-0.074219,0.015625,1.027344,000,-1,1.0301399394849227,155.944808,24.45104,0.020752,3.431396,0.334473,4.332275
208,20:08:40,-0.078125,0.019531,1.019531,000,-1,1.0227064268630561,155.639633,24.45104,0.020752,3.432617,0.340576,4.332275
209,20:08:40,-0.078125,0.019531,1.003906,000,-1,1.0071306928209465,155.334457,24.441588,0.020752,3.430175,0.340576,4.335937
210,20:08:40,-0.078125,0.015625,1.015625,000,-1,1.01874520704394,154.907211,24.45104,0.019531,3.431396,0.323486,4.333496
211,20:08:41,-0.074219,0.019531,1.007812,000,-1,1.0107299081683494,154.846176,24.441588,0.019531,3.431396,0.318603,4.334716
212,20:08:41,-0.074219,0.011719,1.015625,000,-1,1.018400675346889,154.907211,24.45104,0.019531,3.432617,0.316162,4.332275
213,20:08:41,-0.078125,0.015625,1.011719,000,-1,1.014851216292812,155.151351,24.45104,0.020752,3.431396,0.3125,4.329834
214,20:08:41,-0.074219,0.019531,1.007812,000,-1,1.0107299081683494,155.517562,24.45104,0.020752,3.431396,0.3125,4.329834
215,20:08:41,-0.074219,0.019531,1.011719,000,-1,1.0146256722964386,155.822738,24.441588,0.020752,3.431396,0.322266,4.331054
216,20:08:41,-0.070312,0.019531,1.015625,000,-1,1.018243280326465,156.005843,24.441588,0.020752,3.431396,0.318603,4.333496
217,20:08:41,-0.078125,0.015625,1.019531,000,-1,1.0226392893933813,156.127914,24.441588,0.019531,3.432617,0.314941,4.332275
218,20:08:41,-0.074219,0.023438,1.007812,000,-1,1.0108129535918107,156.249984,24.45104,0.020752,3.432617,0.313721,4.332275
219,20:08:41,-0.078125,0.019531,1.011719,000,-1,1.0149188689481539,156.433089,24.45104,0.020752,3.431396,0.313721,4.332275
220,20:08:41,-0.078125,0.023438,1.015625,000,-1,1.0188949877656677,156.55516,24.441588,0.019531,3.432617,0.313721,4.332275
221,20:08:42,-0.070312,0.015625,1.011719,000,-1,1.0142796719495073,156.616195,24.441588,0.019531,3.431396,0.318603,4.329834
222,20:08:42,-0.078125,0.019531,1.011719,000,-1,1.0149188689481539,156.738265,24.45104,0.020752,3.431396,0.319824,4.331054
223,20:08:42,-0.078125,0.019531,1.011719,000,-1,1.0149188689481539,156.860335,24.441588,0.019531,3.432617,0.327148,4.329834
224,20:08:42,-0.074219,0.019531,1.019531,000,-1,1.0224154634408655,156.982406,24.441588,0.020752,3.431396,0.332031,4.331054
225,20:08:42,-0.078125,0.019531,1.019531,000,-1,1.0227064268630561,156.982406,24.45104,0.020752,3.431396,0.339355,4.331054
226,20:08:42,-0.078125,0.019531,1.023438,000,-1,1.0266013420164617,156.921371,24.45104,0.019531,3.431396,0.330811,4.333496
227,20:08:42,-0.078125,0.019531,1.007812,000,-1,1.011024234590843,156.921371,24.441588,0.019531,3.432617,0.324707,4.332275
228,20:08:42,-0.074219,0.015625,1.007812,000,-1,1.010661975108394,156.921371,24.441588,0.019531,3.431396,0.319824,4.333496
229,20:08:42,-0.074219,0.023438,1.011719,000,-1,1.0147083988841328,157.043441,24.441588,0.019531,3.431396,0.313721,4.331054
230,20:08:43,-0.074219,0.019531,1.015625,000,-1,1.0185205253439913,157.165511,24.45104,0.019531,3.431396,0.3125,4.331054
231,20:08:43,-0.070312,0.019531,1.011719,000,-1,1.0143473627244268,157.287582,24.45104,0.019531,3.431396,0.316162,4.326171
232,20:08:43,-0.078125,0.019531,1.011719,000,-1,1.0149188689481539,157.348617,24.45104,0.020752,3.432617,0.319824,4.328613
233,20:08:43,-0.078125,0.023438,1.011719,000,-1,1.0150015716391774,157.287582,24.45104,0.019531,3.430175,0.318603,4.331054
234,20:08:43,-0.078125,0.023438,1.011719,000,-1,1.0150015716391774,157.287582,24.441588,0.019531,3.431396,0.314941,4.331054
235,20:08:43,-0.074219,0.023438,1.011719,000,-1,1.0147083988841328,157.287582,24.45104,0.019531,3.432617,0.313721,4.329834
236,20:08:43,-0.074219,0.023438,1.011719,000,-1,1.0147083988841328,157.348617,24.45104,0.019531,3.432617,0.314941,4.329834
237,20:08:43,-0.070312,0.023438,1.007812,000,-1,1.0105335939650892,157.348617,24.45104,0.019531,3.431396,0.316162,4.329834
238,20:08:43,-0.070312,0.019531,1.015625,000,-1,1.018243280326465,157.409652,24.432136,0.020752,3.431396,0.318603,4.329834
239,20:08:43,-0.070312,0.019531,1.015625,000,-1,1.018243280326465,157.470687,24.45104,0.019531,3.431396,0.319824,4.328613
240,20:08:44,-0.078125,0.019531,1.011719,000,-1,1.0149188689481539,157.592757,24.45104,0.019531,3.431396,0.32959,4.327392
241,20:08:44,-0.078125,0.019531,1.011719,000,-1,1.0149188689481539,157.592757,24.45104,0.019531,3.431396,0.343018,4.328613
242,20:08:44,-0.074219,0.015625,1.007812,000,-1,1.010661975108394,157.531722,24.441588,0.019531,3.432617,0.333252,4.329834
243,20:08:44,-0.074219,0.019531,1.015625,000,-1,1.0185205253439913,157.531722,24.45104,0.019531,3.432617,0.327148,4.328613
244,20:08:44,-0.078125,0.019531,1.019531,000,-1,1.0227064268630561,157.470687,24.460493,0.019531,3.431396,0.318603,4.329834
245,20:08:44,-0.074219,0.023438,1.015625,000,-1,1.0186029356083752,157.470687,24.45104,0.019531,3.431396,0.314941,4.327392
246,20:08:44,-0.074219,0.015625,1.011719,000,-1,1.0145580000901873,157.531722,24.45104,0.020752,3.431396,0.313721,4.329834
247,20:08:44,-0.078125,0.019531,1.007812,000,-1,1.011024234590843,157.653792,24.45104,0.020752,3.431396,0.313721,4.328613
248,20:08:44,-0.078125,0.019531,1.023438,000,-1,1.0266013420164617,157.714828,24.45104,0.019531,3.431396,0.318603,4.328613
249,20:08:44,-0.074219,0.019531,1.015625,000,-1,1.0185205253439913,157.714828,24.45104,0.019531,3.431396,0.322266,4.329834
250,20:08:45,-0.074219,0.023438,1.011719,000,-1,1.0147083988841328,157.592757,24.45104,0.019531,3.432617,0.317383,4.328613
251,20:08:45,-0.074219,0.015625,1.007812,000,-1,1.010661975108394,157.592757,24.45104,0.019531,3.431396,0.316162,4.331054
252,20:08:45,-0.074219,0.019531,1.023438,000,-1,1.0263114828189346,157.592757,24.45104,0.020752,3.431396,0.314941,4.329834
253,20:08:45,-0.074219,0.015625,1.011719,000,-1,1.0145580000901873,157.531722,24.45104,0.019531,3.431396,0.313721,4.329834
254,20:08:45,-0.070312,0.015625,1.015625,000,-1,1.018175848561534,157.592757,24.45104,0.020752,3.432617,0.317383,4.333496
255,20:08:45,-0.074219,0.027344,1.027344,000,-1,1.0303843208400447,157.653792,24.45104,0.019531,3.431396,0.318603,4.335937
256,20:08:45,-0.078125,0.03125,1.015625,000,-1,1.0191046161950206,157.714828,24.45104,0.019531,3.431396,0.321045,4.327392
257,20:08:45,-0.078125,0.015625,1.007812,000,-1,1.0109563213086903,157.775863,24.441588,0.020752,3.431396,0.323486,4.328613
258,20:08:45,-0.074219,0.015625,1.015625,000,-1,1.018453111935449,157.836898,24.45104,0.020752,3.432617,0.32959,4.328613
259,20:08:45,-0.078125,0.019531,1.015625,000,-1,1.0188126011249565,157.775863,24.45104,0.019531,3.432617,0.333252,4.327392
260,20:08:46,-0.078125,0.015625,1.007812,000,-1,1.0109563213086903,157.714828,24.45104,0.019531,3.431396,0.339355,4.328613
261,20:08:46,-0.078125,0.019531,1.007812,000,-1,1.011024234590843,157.714828,24.441588,0.019531,3.431396,0.340576,4.329834
262,20:08:46,-0.074219,0.023438,1.011719,000,-1,1.0147083988841328,157.653792,24.441588,0.019531,3.431396,0.32959,4.332275
263,20:08:46,-0.074219,0.019531,1.015625,000,-1,1.0185205253439913,157.653792,24.45104,0.019531,3.432617,0.321045,4.329834
264,20:08:46,-0.074219,0.019531,1.011719,000,-1,1.0146256722964386,157.592757,24.45104,0.019531,3.431396,0.317383,4.329834
265,20:08:46,-0.074219,0.019531,1.011719,000,-1,1.0146256722964386,157.592757,24.460493,0.019531,3.432617,0.314941,4.331054
266,20:08:46,-0.074219,0.011719,1.011719,000,-1,1.0145053621755777,157.653792,24.45104,0.020752,3.431396,0.313721,4.327392
267,20:08:46,-0.074219,0.023438,1.007812,000,-1,1.0108129535918107,157.714828,24.45104,0.019531,3.432617,0.3125,4.327392
268,20:08:46,-0.074219,0.027344,1.011719,000,-1,1.0148061338295113,157.714828,24.45104,0.019531,3.431396,0.311279,4.326171
269,20:08:46,-0.074219,0.015625,1.015625,000,-1,1.018453111935449,157.775863,24.441588,0.019531,3.431396,0.311279,4.327392
270,20:08:47,-0.070312,0.027344,1.011719,000,-1,1.014527873762471,157.836898,24.45104,0.019531,3.431396,0.314941,4.327392
271,20:08:47,-0.074219,0.015625,1.007812,000,-1,1.010661975108394,157.836898,24.460493,0.019531,3.431396,0.316162,4.32373
272,20:08:47,-0.070312,0.015625,1.011719,000,-1,1.0142796719495073,157.836898,24.45104,0.019531,3.431396,0.319824,4.327392
273,20:08:47,-0.074219,0.019531,1.015625,000,-1,1.0185205253439913,157.775863,24.45104,0.020752,3.432617,0.314941,4.327392
274,20:08:47,-0.078125,0.019531,1.007812,000,-1,1.011024234590843,157.714828,24.45104,0.019531,3.431396,0.311279,4.328613
275,20:08:47,-0.066406,0.023438,1.011719,000,-1,1.014166865777521,157.653792,24.460493,0.019531,3.431396,0.311279,4.328613
276,20:08:47,-0.070312,0.019531,1.019531,000,-1,1.0221392748867444,157.714828,24.45104,0.019531,3.431396,0.314941,4.328613
277,20:08:47,-0.074219,0.015625,1.007812,000,-1,1.010661975108394,157.653792,24.45104,0.019531,3.432617,0.314941,4.328613
278,20:08:47,-0.070312,0.019531,1.015625,000,-1,1.018243280326465,157.775863,24.45104,0.019531,3.431396,0.340576,4.328613
279,20:08:47,-0.074219,0.019531,1.023438,000,-1,1.0263114828189346,157.714828,24.45104,0.019531,3.431396,0.333252,4.331054
280,20:08:48,-0.074219,0.015625,1.015625,000,-1,1.018453111935449,157.714828,24.45104,0.019531,3.432617,0.324707,4.328613
281,20:08:48,-0.078125,0.023438,1.007812,000,-1,1.0111072558403484,157.653792,24.45104,0.019531,3.431396,0.318603,4.328613
282,20:08:48,-0.074219,0.019531,1.011719,000,-1,1.0146256722964386,157.714828,24.45104,0.019531,3.431396,0.3125,4.327392
283,20:08:48,-0.074219,0.019531,1.019531,000,-1,1.0224154634408655,157.714828,24.45104,0.020752,3.432617,0.310059,4.326171
284,20:08:48,-0.070312,0.019531,1.015625,000,-1,1.018243280326465,157.897933,24.45104,0.019531,3.431396,0.313721,4.327392
285,20:08:48,-0.074219,0.019531,1.011719,000,-1,1.0146256722964386,157.836898,24.45104,0.019531,3.432617,0.318603,4.326171
286,20:08:48,-0.074219,0.023438,1.015625,000,-1,1.0186029356083752,157.775863,24.45104,0.019531,3.431396,0.316162,4.327392
287,20:08:48,-0.074219,0.019531,1.015625,000,-1,1.0185205253439913,157.714828,24.45104,0.019531,3.431396,0.313721,4.328613
288,20:08:48,-0.070312,0.019531,1.015625,000,-1,1.018243280326465,157.653792,24.45104,0.019531,3.431396,0.311279,4.32373
289,20:08:48,-0.078125,0.019531,1.011719,000,-1,1.0149188689481539,157.653792,24.45104,0.019531,3.432617,0.3125,4.327392
290,20:08:49,-0.070312,0.019531,1.015625,000,-1,1.018243280326465,157.653792,24.45104,0.019531,3.431396,0.311279,4.327392
291,20:08:49,-0.082031,0.019531,1.019531,000,-1,1.023012221277439,157.653792,24.45104,0.019531,3.432617,0.314941,4.331054
292,20:08:49,-0.074219,0.015625,1.019531,000,-1,1.0223483068636636,157.714828,24.45104,0.019531,3.432617,0.317383,4.324951
293,20:08:49,-0.074219,0.019531,1.011719,000,-1,1.0146256722964386,157.775863,24.45104,0.019531,3.433838,0.318603,4.324951
294,20:08:49,-0.078125,0.023438,1.015625,000,-1,1.0188949877656677,157.836898,24.45104,0.020752,3.432617,0.325928,4.324951
295,20:08:49,-0.066406,0.023438,1.023438,000,-1,1.0258579026960801,157.775863,24.45104,0.019531,3.432617,0.336914,4.327392
296,20:08:49,-0.082031,0.019531,1.011719,000,-1,1.0152270090393578,157.653792,24.45104,0.019531,3.432617,0.325928,4.327392
297,20:08:49,-0.074219,0.019531,1.015625,000,-1,1.0185205253439913,157.653792,24.45104,0.019531,3.431396,0.321045,4.326171
298,20:08:49,-0.074219,0.019531,1.011719,000,-1,1.0146256722964386,157.653792,24.45104,0.019531,3.431396,0.317383,4.327392
299,20:08:49,-0.070312,0.019531,1.011719,000,-1,1.0143473627244268,157.714828,24.441588,0.019531,3.432617,0.313721,4.326171
300,20:08:50,-0.074219,0.019531,1.011719,000,-1,1.0146256722964386,157.775863,24.441588,0.019531,3.432617,0.3125,4.324951
301,20:08:50,-0.078125,0.023438,1.015625,000,-1,1.0188949877656677,157.836898,24.45104,0.019531,3.431396,0.313721,4.326171
302,20:08:50,-0.070312,0.019531,1.011719,000,-1,1.0143473627244268,157.836898,24.45104,0.019531,3.431396,0.313721,4.32373
303,20:08:50,-0.078125,0.023438,1.011719,000,-1,1.0150015716391774,157.836898,24.441588,0.019531,3.431396,0.318603,4.326171
304,20:08:50,-0.074219,0.023438,1.015625,000,-1,1.0186029356083752,157.775863,24.441588,0.019531,3.430175,0.321045,4.324951
305,20:08:50,-0.074219,0.023438,1.015625,000,-1,1.0186029356083752,157.714828,24.45104,0.019531,3.433838,0.314941,4.327392
306,20:08:50,-0.074219,0.023438,1.015625,000,-1,1.0186029356083752,157.653792,24.441588,0.019531,3.431396,0.3125,4.327392
307,20:08:50,-0.078125,0.023438,1.019531,000,-1,1.022788499852242,157.653792,24.441588,0.020752,3.432617,0.314941,4.326171
308,20:08:50,-0.070312,0.019531,1.015625,000,-1,1.018243280326465,157.775863,24.45104,0.019531,3.431396,0.316162,4.324951
309,20:08:50,-0.078125,0.015625,1.011719,000,-1,1.014851216292812,157.836898,24.441588,0.019531,3.431396,0.322266,4.324951
310,20:08:51,-0.074219,0.015625,1.019531,000,-1,1.0223483068636636,157.836898,24.441588,0.019531,3.431396,0.328369,4.32373
311,20:08:51,-0.074219,0.023438,1.011719,000,-1,1.0147083988841328,157.836898,24.441588,0.019531,3.431396,0.335693,4.32373
312,20:08:51,-0.074219,0.019531,1.011719,000,-1,1.0146256722964386,157.775863,24.441588,0.019531,3.432617,0.343018,4.328613
313,20:08:51,-0.078125,0.015625,1.007812,000,-1,1.0109563213086903,157.714828,24.441588,0.019531,3.430175,0.334473,4.327392
314,20:08:51,-0.070312,0.015625,1.011719,000,-1,1.0142796719495073,157.714828,24.441588,0.019531,3.432617,0.322266,4.327392
315,20:08:51,-0.074219,0.023438,1.023438,000,-1,1.0263932675388123,157.653792,24.432136,0.019531,3.432617,0.317383,4.327392
316,20:08:51,-0.078125,0.015625,1.015625,000,-1,1.01874520704394,157.714828,24.441588,0.019531,3.431396,0.313721,4.324951
317,20:08:51,-0.074219,0.027344,1.023438,000,-1,1.026489889936087,157.836898,24.432136,0.019531,3.431396,0.311279,4.324951
318,20:08:51,-0.074219,0.019531,1.011719,000,-1,1.0146256722964386,157.836898,24.432136,0.019531,3.431396,0.314941,4.324951
319,20:08:52,-0.074219,0.015625,1.015625,000,-1,1.018453111935449,157.836898,24.422684,0.019531,3.431396,0.318603,4.324951
320,20:08:52,-0.078125,0.019531,1.019531,000,-1,1.0227064268630561,157.775863,24.422684,0.019531,3.431396,0.314941,4.327392
321,20:08:52,-0.074219,0.019531,1.023438,000,-1,1.0263114828189346,157.653792,24.422684,0.019531,3.432617,0.3125,4.327392
322,20:08:52,-0.078125,0.019531,1.007812,000,-1,1.011024234590843,157.653792,24.422684,0.019531,3.432617,0.313721,4.326171
323,20:08:52,-0.078125,0.023438,1.003906,000,-1,1.007214035001995,157.714828,24.413233,0.019531,3.433838,0.317383,4.326171
324,20:08:52,-0.078125,0.019531,1.015625,000,-1,1.0188126011249565,157.714828,24.422684,0.019531,3.431396,0.317383,4.328613
325,20:08:52,-0.074219,0.019531,1.011719,000,-1,1.0146256722964386,157.775863,24.422684,0.019531,3.431396,0.319824,4.326171
326,20:08:52,-0.078125,0.019531,1.015625,000,-1,1.0188126011249565,157.836898,24.413233,0.019531,3.433838,0.327148,4.326171
327,20:08:52,-0.074219,0.019531,1.015625,000,-1,1.0185205253439913,157.836898,24.413233,0.019531,3.431396,0.332031,4.326171
328,20:08:52,-0.074219,0.019531,1.015625,000,-1,1.0185205253439913,157.775863,24.413233,0.019531,3.431396,0.334473,4.327392
329,20:08:53,-0.078125,0.019531,1.007812,000,-1,1.011024234590843,157.714828,24.413233,0.019531,3.431396,0.330811,4.331054
330,20:08:53,-0.074219,0.019531,1.019531,000,-1,1.0224154634408655,157.653792,24.403782,0.019531,3.433838,0.322266,4.329834
331,20:08:53,-0.074219,0.023438,1.019531,000,-1,1.0224975597848631,157.653792,24.413233,0.019531,3.431396,0.318603,4.329834
332,20:08:53,-0.074219,0.019531,1.019531,000,-1,1.0224154634408655,157.653792,24.413233,0.019531,3.431396,0.314941,4.328613
333,20:08:53,-0.078125,0.023438,1.019531,000,-1,1.022788499852242,157.653792,24.413233,0.019531,3.431396,0.311279,4.326171
334,20:08:53,-0.078125,0.023438,1.015625,000,-1,1.0188949877656677,157.836898,24.413233,0.019531,3.432617,0.313721,4.328613
335,20:08:53,-0.070312,0.019531,1.015625,000,-1,1.018243280326465,157.836898,24.413233,0.019531,3.431396,0.316162,4.328613
336,20:08:53,-0.066406,0.023438,1.011719,000,-1,1.014166865777521,157.775863,24.413233,0.019531,3.432617,0.319824,4.327392
337,20:08:53,-0.074219,0.019531,1.007812,000,-1,1.0107299081683494,157.653792,24.403782,0.019531,3.433838,0.313721,4.329834
338,20:08:53,-0.074219,0.019531,1.015625,000,-1,1.0185205253439913,157.592757,24.403782,0.019531,3.432617,0.3125,4.329834
339,20:08:54,-0.078125,0.015625,1.011719,000,-1,1.014851216292812,157.592757,24.403782,0.019531,3.431396,0.316162,4.328613
340,20:08:54,-0.078125,0.019531,1.011719,000,-1,1.0149188689481539,157.714828,24.413233,0.019531,3.431396,0.319824,4.327392
341,20:08:54,-0.074219,0.015625,1.015625,000,-1,1.018453111935449,157.714828,24.413233,0.019531,3.430175,0.330811,4.328613
342,20:08:54,-0.074219,0.019531,1.011719,000,-1,1.0146256722964386,157.714828,24.413233,0.019531,3.431396,0.335693,4.332275
343,20:08:54,-0.078125,0.015625,1.011719,000,-1,1.014851216292812,157.653792,24.403782,0.019531,3.431396,0.330811,4.328613
344,20:08:54,-0.074219,0.019531,1.015625,000,-1,1.0185205253439913,157.592757,24.403782,0.019531,3.431396,0.318603,4.332275
345,20:08:54,-0.074219,0.019531,1.019531,000,-1,1.0224154634408655,157.531722,24.403782,0.019531,3.431396,0.316162,4.332275
346,20:08:54,-0.070312,0.015625,1.011719,000,-1,1.0142796719495073,157.592757,24.403782,0.019531,3.431396,0.313721,4.331054
347,20:08:54,-0.078125,0.015625,1.019531,000,-1,1.0226392893933813,157.714828,24.413233,0.019531,3.431396,0.316162,4.329834
348,20:08:54,-0.074219,0.019531,1.019531,000,-1,1.0224154634408655,157.714828,24.413233,0.019531,3.431396,0.318603,4.331054
349,20:08:55,-0.074219,0.019531,1.003906,000,-1,1.0068352282066813,157.653792,24.413233,0.019531,3.432617,0.323486,4.331054
350,20:08:55,-0.078125,0.019531,1.015625,000,-1,1.0188126011249565,157.531722,24.413233,0.019531,3.431396,0.313721,4.332275
351,20:08:55,-0.074219,0.011719,1.007812,000,-1,1.0106091342680412,157.531722,24.413233,0.019531,3.431396,0.314941,4.332275
352,20:08:55,-0.078125,0.023438,1.011719,000,-1,1.0150015716391774,157.531722,24.413233,0.019531,3.431396,0.314941,4.332275
353,20:08:55,-0.074219,0.019531,1.019531,000,-1,1.0224154634408655,157.592757,24.413233,0.019531,3.431396,0.318603,4.332275
354,20:08:55,-0.078125,0.027344,1.019531,000,-1,1.022885462758172,157.653792,24.413233,0.019531,3.430175,0.323486,4.331054
355,20:08:55,-0.074219,0.015625,1.015625,000,-1,1.018453111935449,157.714828,24.403782,0.019531,3.431396,0.332031,4.331054
356,20:08:55,-0.074219,0.015625,1.015625,000,-1,1.018453111935449,157.714828,24.413233,0.019531,3.431396,0.334473,4.331054
357,20:08:55,-0.074219,0.015625,1.011719,000,-1,1.0145580000901873,157.653792,24.413233,0.019531,3.431396,0.339355,4.329834
358,20:08:55,-0.074219,0.019531,1.011719,000,-1,1.0146256722964386,157.653792,24.422684,0.019531,3.431396,0.341797,4.331054
359,20:08:56,-0.074219,0.019531,1.019531,000,-1,1.0224154634408655,157.592757,24.422684,0.019531,3.431396,0.334473,4.332275
360,20:08:56,-0.078125,0.019531,1.015625,000,-1,1.0188126011249565,157.531722,24.413233,0.019531,3.431396,0.325928,4.333496
361,20:08:56,-0.074219,0.015625,1.03125,000,-1,1.0340353780630525,157.470687,24.413233,0.019531,3.432617,0.321045,4.333496
362,20:08:56,-0.074219,0.015625,1.011719,000,-1,1.0145580000901873,157.470687,24.413233,0.019531,3.432617,0.317383,4.332275
363,20:08:56,-0.070312,0.019531,1.011719,000,-1,1.0143473627244268,157.470687,24.413233,0.019531,3.432617,0.311279,4.328613
364,20:08:56,-0.078125,0.019531,1.007812,000,-1,1.011024234590843,157.409652,24.422684,0.019531,3.432617,0.313721,4.331054
365,20:08:56,-0.074219,0.015625,1.011719,000,-1,1.0145580000901873,157.470687,24.413233,0.019531,3.431396,0.3125,4.331054
366,20:08:56,-0.074219,0.015625,1.011719,000,-1,1.0145580000901873,157.470687,24.422684,0.019531,3.431396,0.313721,4.332275
367,20:08:56,-0.078125,0.015625,1.011719,000,-1,1.014851216292812,157.470687,24.413233,0.019531,3.430175,0.316162,4.332275
368,20:08:56,-0.074219,0.023438,1.019531,000,-1,1.0224975597848631,157.348617,24.422684,0.019531,3.432617,0.323486,4.333496
369,20:08:57,-0.082031,0.019531,1.015625,000,-1,1.0191195639114186,157.226546,24.403782,0.019531,3.431396,0.321045,4.332275
370,20:08:57,-0.082031,0.015625,1.015625,000,-1,1.019052190131104,157.287582,24.413233,0.019531,3.431396,0.316162,4.333496
371,20:08:57,-0.078125,0.015625,1.03125,000,-1,1.0343230727147104,157.470687,24.422684,0.019531,3.432617,0.314941,4.331054
372,20:08:57,-0.074219,0.023438,1.007812,000,-1,1.0108129535918107,157.592757,24.413233,0.019531,3.431396,0.317383,4.326171
373,20:08:57,-0.070312,0.019531,1.015625,000,-1,1.018243280326465,157.775863,24.422684,0.019531,3.431396,0.319824,4.324951
374,20:08:57,-0.078125,0.019531,1.019531,000,-1,1.0227064268630561,158.020003,24.413233,0.019531,3.432617,0.322266,4.326171
375,20:08:57,-0.074219,0.019531,1.015625,000,-1,1.0185205253439913,158.081039,24.413233,0.019531,3.432617,0.325928,4.324951
376,20:08:57,-0.078125,0.019531,1.015625,000,-1,1.0188126011249565,158.081039,24.422684,0.019531,3.432617,0.333252,4.32373
377,20:08:57,-0.078125,0.015625,1.011719,000,-1,1.014851216292812,158.081039,24.422684,0.019531,3.431396,0.336914,4.322509
378,20:08:57,-0.078125,0.023438,1.019531,000,-1,1.022788499852242,157.897933,24.413233,0.019531,3.431396,0.340576,4.327392
379,20:08:58,-0.074219,0.015625,1.015625,000,-1,1.018453111935449,157.531722,24.413233,0.019531,3.432617,0.343018,4.324951
380,20:08:58,-0.082031,0.019531,1.011719,000,-1,1.0152270090393578,157.043441,24.422684,0.019531,3.432617,0.334473,4.322509
381,20:08:58,-0.074219,0.015625,1.015625,000,-1,1.018453111935449,156.433089,24.413233,0.019531,3.432617,0.328369,4.327392
382,20:08:58,-0.074219,0.019531,1.007812,000,-1,1.0107299081683494,156.127914,24.422684,0.019531,3.431396,0.323486,4.324951
383,20:08:58,-0.078125,0.019531,1.007812,000,-1,1.011024234590843,156.127914,24.422684,0.019531,3.431396,0.319824,4.32373
384,20:08:58,-0.074219,0.019531,1.011719,000,-1,1.0146256722964386,156.311019,24.422684,0.019531,3.431396,0.316162,4.322509
385,20:08:58,-0.074219,0.019531,1.003906,000,-1,1.0068352282066813,156.433089,24.413233,0.019531,3.431396,0.313721,4.32373
386,20:08:58,-0.074219,0.023438,1.007812,000,-1,1.0108129535918107,156.249984,24.413233,0.019531,3.431396,0.316162,4.322509
387,20:08:58,-0.074219,0.023438,1.011719,000,-1,1.0147083988841328,156.127914,24.413233,0.019531,3.431396,0.314941,4.32373
388,20:08:58,-0.078125,0.027344,1.003906,000,-1,1.0073124970916423,156.372054,24.413233,0.019531,3.431396,0.321045,4.324951
389,20:08:59,-0.074219,0.019531,1.015625,000,-1,1.0185205253439913,156.67723,24.422684,0.019531,3.431396,0.3125,4.326171
390,20:08:59,-0.074219,0.023438,1.011719,000,-1,1.0147083988841328,156.738265,24.422684,0.019531,3.431396,0.310059,4.326171
391,20:08:59,-0.078125,0.015625,1.007812,000,-1,1.0109563213086903,156.860335,24.413233,0.019531,3.431396,0.313721,4.327392
392,20:08:59,-0.078125,0.023438,1.015625,000,-1,1.0188949877656677,157.043441,24.413233,0.019531,3.431396,0.314941,4.332275
393,20:08:59,-0.078125,0.019531,1.015625,000,-1,1.0188126011249565,157.165511,24.422684,0.019531,3.432617,0.322266,4.324951
394,20:08:59,-0.070312,0.023438,1.007812,000,-1,1.0105335939650892,157.226546,24.413233,0.019531,3.431396,0.336914,4.327392
395,20:08:59,-0.074219,0.023438,1.015625,000,-1,1.0186029356083752,157.043441,24.413233,0.019531,3.431396,0.324707,4.328613
396,20:08:59,-0.078125,0.019531,1.015625,000,-1,1.0188126011249565,157.104476,24.413233,0.019531,3.431396,0.318603,4.328613
397,20:08:59,-0.074219,0.019531,1.027344,000,-1,1.03020658814531,157.287582,24.413233,0.019531,3.432617,0.313721,4.326171
398,20:08:59,-0.078125,0.019531,1.015625,000,-1,1.0188126011249565,157.409652,24.413233,0.019531,3.431396,0.310059,4.328613
399,20:09:00,-0.078125,0.015625,1.015625,000,-1,1.01874520704394,157.531722,24.413233,0.019531,3.431396,0.3125,4.322509
400,20:09:00,-0.074219,0.015625,1.015625,000,-1,1.018453111935449,157.531722,24.413233,0.019531,3.430175,0.314941,4.328613
401,20:09:00,-0.074219,0.023438,1.007812,000,-1,1.0108129535918107,157.470687,24.413233,0.019531,3.431396,0.318603,4.327392
402,20:09:00,-0.074219,0.019531,1.011719,000,-1,1.0146256722964386,157.470687,24.403782,0.019531,3.431396,0.314941,4.327392
403,20:09:00,-0.082031,0.019531,1.015625,000,-1,1.0191195639114186,157.409652,24.413233,0.019531,3.432617,0.310059,4.327392
404,20:09:00,-0.074219,0.015625,1.007812,000,-1,1.010661975108394,157.409652,24.403782,0.019531,3.431396,0.313721,4.326171
405,20:09:00,-0.074219,0.019531,1.011719,000,-1,1.0146256722964386,157.348617,24.403782,0.019531,3.432617,0.316162,4.328613
406,20:09:00,-0.074219,0.015625,1.015625,000,-1,1.018453111935449,157.409652,24.413233,0.019531,3.431396,0.317383,4.327392
407,20:09:00,-0.074219,0.019531,1.015625,000,-1,1.0185205253439913,157.409652,24.403782,0.019531,3.431396,0.319824,4.326171
408,20:09:00,-0.074219,0.023438,1.019531,000,-1,1.0224975597848631,157.531722,24.403782,0.019531,3.431396,0.332031,4.326171
409,20:09:01,-0.074219,0.019531,1.011719,000,-1,1.0146256722964386,157.531722,24.413233,0.019531,3.432617,0.336914,4.327392
410,20:09:01,-0.078125,0.019531,1.011719,000,-1,1.0149188689481539,157.531722,24.403782,0.019531,3.431396,0.341797,4.326171
411,20:09:01,-0.078125,0.015625,1.011719,000,-1,1.014851216292812,157.409652,24.403782,0.019531,3.431396,0.323486,4.327392
412,20:09:01,-0.074219,0.019531,1.007812,000,-1,1.0107299081683494,157.348617,24.403782,0.019531,3.432617,0.317383,4.328613
413,20:09:01,-0.078125,0.023438,1.019531,000,-1,1.022788499852242,157.348617,24.403782,0.019531,3.431396,0.3125,4.328613
414,20:09:01,-0.074219,0.023438,1.015625,000,-1,1.0186029356083752,157.470687,24.403782,0.019531,3.432617,0.311279,4.327392
415,20:09:01,-0.078125,0.019531,1.015625,000,-1,1.0188126011249565,157.531722,24.403782,0.019531,3.431396,0.311279,4.327392
416,20:09:01,-0.074219,0.011719,1.011719,000,-1,1.0145053621755777,157.592757,24.403782,0.019531,3.432617,0.3125,4.324951
417,20:09:01,-0.078125,0.019531,1.019531,000,-1,1.0227064268630561,157.592757,24.403782,0.019531,3.431396,0.318603,4.326171
418,20:09:02,-0.070312,0.023438,1.003906,000,-1,1.0066381544646517,157.592757,24.403782,0.019531,3.432617,0.318603,4.331054
419,20:09:02,-0.078125,0.015625,1.015625,000,-1,1.01874520704394,157.592757,24.403782,0.019531,3.431396,0.314941,4.328613
420,20:09:02,-0.074219,0.023438,1.003906,000,-1,1.0069185948431978,157.470687,24.413233,0.019531,3.431396,0.3125,4.328613
421,20:09:02,-0.078125,0.019531,1.011719,000,-1,1.0149188689481539,157.470687,24.413233,0.019531,3.432617,0.311279,4.327392
422,20:09:02,-0.074219,0.019531,1.003906,000,-1,1.0068352282066813,157.470687,24.403782,0.019531,3.431396,0.311279,4.328613
423,20:09:02,-0.074219,0.023438,1.007812,000,-1,1.0108129535918107,157.531722,24.413233,0.019531,3.431396,0.313721,4.327392
424,20:09:02,-0.078125,0.015625,1.019531,000,-1,1.0226392893933813,157.531722,24.403782,0.019531,3.430175,0.314941,4.327392
425,20:09:02,-0.074219,0.019531,1.015625,000,-1,1.0185205253439913,157.592757,24.403782,0.019531,3.430175,0.317383,4.326171
426,20:09:02,-0.074219,0.015625,1.019531,000,-1,1.0223483068636636,157.714828,24.403782,0.019531,3.431396,0.319824,4.326171
427,20:09:02,-0.070312,0.019531,1.019531,000,-1,1.0221392748867444,157.714828,24.403782,0.019531,3.431396,0.325928,4.326171
428,20:09:03,-0.070312,0.023438,1.015625,000,-1,1.0183257130275165,157.775863,24.403782,0.019531,3.431396,0.332031,4.326171
429,20:09:03,-0.078125,0.023438,1.015625,000,-1,1.0188949877656677,157.775863,24.413233,0.019531,3.432617,0.338135,4.326171
430,20:09:03,-0.074219,0.019531,1.007812,000,-1,1.0107299081683494,157.714828,24.403782,0.019531,3.431396,0.336914,4.328613
431,20:09:03,-0.070312,0.015625,1.015625,000,-1,1.018175848561534,157.653792,24.403782,0.019531,3.432617,0.319824,4.327392
432,20:09:03,-0.074219,0.019531,1.019531,000,-1,1.0224154634408655,157.592757,24.403782,0.019531,3.431396,0.314941,4.328613
433,20:09:03,-0.078125,0.023438,1.011719,000,-1,1.0150015716391774,157.653792,24.413233,0.019531,3.430175,0.310059,4.324951
434,20:09:03,-0.070312,0.019531,1.023438,000,-1,1.0260363429961923,157.714828,24.413233,0.019531,3.432617,0.310059,4.32373
435,20:09:03,-0.070312,0.019531,1.011719,000,-1,1.0143473627244268,157.836898,24.403782,0.019531,3.431396,0.3125,4.32373
436,20:09:03,-0.074219,0.019531,1.019531,000,-1,1.0224154634408655,157.775863,24.413233,0.019531,3.431396,0.319824,4.324951
437,20:09:03,-0.074219,0.019531,1.011719,000,-1,1.0146256722964386,157.775863,24.413233,0.019531,3.431396,0.314941,4.327392
438,20:09:04,-0.078125,0.019531,1.019531,000,-1,1.0227064268630561,157.714828,24.413233,0.019531,3.432617,0.3125,4.327392
439,20:09:04,-0.074219,0.019531,1.011719,000,-1,1.0146256722964386,157.653792,24.413233,0.019531,3.432617,0.310059,4.327392
440,20:09:04,-0.070312,0.015625,1.015625,000,-1,1.018175848561534,157.653792,24.413233,0.019531,3.431396,0.310059,4.327392
441,20:09:04,-0.074219,0.019531,1.011719,000,-1,1.0146256722964386,157.592757,24.413233,0.019531,3.430175,0.3125,4.328613
442,20:09:04,-0.074219,0.015625,1.011719,000,-1,1.0145580000901873,157.653792,24.413233,0.019531,3.431396,0.313721,4.326171
443,20:09:04,-0.070312,0.023438,1.007812,000,-1,1.0105335939650892,157.836898,24.422684,0.019531,3.431396,0.324707,4.324951
444,20:09:04,-0.074219,0.023438,1.015625,000,-1,1.0186029356083752,157.836898,24.413233,0.019531,3.431396,0.32959,4.327392
445,20:09:04,-0.078125,0.015625,1.023438,000,-1,1.026534459282298,157.775863,24.413233,0.019531,3.432617,0.334473,4.327392
446,20:09:04,-0.078125,0.027344,1.007812,000,-1,1.0112053388432045,157.714828,24.413233,0.019531,3.431396,0.325928,4.332275
447,20:09:04,-0.070312,0.019531,1.007812,000,-1,1.0104505255820295,157.592757,24.413233,0.019531,3.431396,0.313721,4.329834
448,20:09:05,-0.078125,0.019531,1.011719,000,-1,1.0149188689481539,157.653792,24.422684,0.019531,3.432617,0.311279,4.327392
449,20:09:05,-0.070312,0.019531,1.007812,000,-1,1.0104505255820295,157.714828,24.413233,0.019531,3.431396,0.308838,4.329834
450,20:09:05,-0.074219,0.027344,1.019531,000,-1,1.0225945502778704,157.836898,24.422684,0.019531,3.432617,0.310059,4.324951
451,20:09:05,-0.074219,0.019531,1.011719,000,-1,1.0146256722964386,157.836898,24.432136,0.019531,3.431396,0.311279,4.326171
452,20:09:05,-0.078125,0.015625,1.019531,000,-1,1.0226392893933813,157.775863,24.422684,0.019531,3.431396,0.317383,4.327392
453,20:09:05,-0.074219,0.011719,1.003906,000,-1,1.0067139870678263,157.775863,24.413233,0.019531,3.431396,0.317383,4.327392
454,20:09:05,-0.074219,0.019531,1.019531,000,-1,1.0224154634408655,157.653792,24.422684,0.019531,3.431396,0.310059,4.328613
455,20:09:05,-0.074219,0.015625,1.007812,000,-1,1.010661975108394,157.653792,24.422684,0.019531,3.431396,0.308838,4.331054
456,20:09:05,-0.074219,0.019531,1.023438,000,-1,1.0263114828189346,157.653792,24.422684,0.019531,3.431396,0.3125,4.327392
457,20:09:05,-0.078125,0.019531,1.019531,000,-1,1.0227064268630561,157.714828,24.422684,0.019531,3.431396,0.313721,4.326171
458,20:09:06,-0.078125,0.019531,1.023438,000,-1,1.0266013420164617,157.714828,24.422684,0.019531,3.431396,0.316162,4.327392
459,20:09:06,-0.074219,0.015625,1.003906,000,-1,1.0067670323476032,157.775863,24.413233,0.019531,3.431396,0.322266,4.326171
460,20:09:06,-0.074219,0.015625,1.015625,000,-1,1.018453111935449,157.714828,24.422684,0.019531,3.431396,0.335693,4.326171
461,20:09:06,-0.078125,0.019531,1.015625,000,-1,1.0188126011249565,157.714828,24.422684,0.019531,3.431396,0.338135,4.327392
462,20:09:06,-0.074219,0.015625,1.015625,000,-1,1.018453111935449,157.531722,24.422684,0.019531,3.431396,0.325928,4.329834
463,20:09:06,-0.070312,0.019531,1.011719,000,-1,1.0143473627244268,157.531722,24.422684,0.019531,3.432617,0.318603,4.326171
464,20:09:06,-0.066406,0.015625,1.015625,000,-1,1.0179135710294858,157.470687,24.422684,0.019531,3.431396,0.314941,4.328613
465,20:09:06,-0.070312,0.019531,1.007812,000,-1,1.0104505255820295,157.409652,24.422684,0.019531,3.433838,0.310059,4.326171
466,20:09:06,-0.074219,0.015625,1.015625,000,-1,1.018453111935449,157.470687,24.422684,0.019531,3.435058,0.310059,4.326171
467,20:09:06,-0.074219,0.019531,1.019531,000,-1,1.0224154634408655,157.531722,24.422684,0.019531,3.430175,0.307617,4.326171
468,20:09:07,-0.074219,0.023438,1.019531,000,-1,1.0224975597848631,157.653792,24.422684,0.019531,3.431396,0.310059,4.326171
469,20:09:07,-0.074219,0.019531,1.007812,000,-1,1.0107299081683494,157.714828,24.422684,0.019531,3.431396,0.313721,4.326171
470,20:09:07,-0.070312,0.019531,1.015625,000,-1,1.018243280326465,157.653792,24.432136,0.019531,3.432617,0.317383,4.326171
471,20:09:07,-0.074219,0.011719,1.011719,000,-1,1.0145053621755777,157.653792,24.422684,0.019531,3.431396,0.316162,4.324951
472,20:09:07,-0.070312,0.019531,1.011719,000,-1,1.0143473627244268,157.653792,24.422684,0.019531,3.431396,0.3125,4.328613
473,20:09:07,-0.082031,0.019531,1.015625,000,-1,1.0191195639114186,157.592757,24.432136,0.019531,3.431396,0.311279,4.327392
474,20:09:07,-0.078125,0.015625,1.015625,000,-1,1.01874520704394,157.592757,24.422684,0.019531,3.431396,0.311279,4.331054
475,20:09:07,-0.078125,0.023438,1.019531,000,-1,1.022788499852242,157.592757,24.422684,0.019531,3.430175,0.3125,4.328613
476,20:09:07,-0.078125,0.015625,1.011719,000,-1,1.014851216292812,157.653792,24.422684,0.019531,3.431396,0.314941,4.326171
477,20:09:07,-0.074219,0.015625,1.019531,000,-1,1.0223483068636636,157.653792,24.432136,0.019531,3.431396,0.316162,4.326171
478,20:09:08,-0.074219,0.015625,1.015625,000,-1,1.018453111935449,157.714828,24.432136,0.019531,3.431396,0.316162,4.32373
479,20:09:08,-0.070312,0.023438,1.015625,000,-1,1.0183257130275165,157.775863,24.422684,0.019531,3.431396,0.319824,4.326171
480,20:09:08,-0.074219,0.019531,1.015625,000,-1,1.0185205253439913,157.836898,24.422684,0.019531,3.432617,0.327148,4.324951
481,20:09:08,-0.070312,0.019531,1.011719,000,-1,1.0143473627244268,157.836898,24.422684,0.019531,3.431396,0.330811,4.327392
482,20:09:08,-0.074219,0.015625,1.015625,000,-1,1.018453111935449,157.775863,24.422684,0.019531,3.432617,0.336914,4.326171
483,20:09:08,-0.078125,0.015625,1.011719,000,-1,1.014851216292812,157.714828,24.422684,0.019531,3.431396,0.333252,4.328613
484,20:09:08,-0.078125,0.023438,1.015625,000,-1,1.0188949877656677,157.653792,24.422684,0.019531,3.431396,0.319824,4.328613
485,20:09:08,-0.074219,0.023438,1.019531,000,-1,1.0224975597848631,157.653792,24.422684,0.019531,3.431396,0.317383,4.329834
486,20:09:08,-0.074219,0.019531,1.015625,000,-1,1.0185205253439913,157.653792,24.432136,0.019531,3.431396,0.3125,4.328613
487,20:09:08,-0.078125,0.015625,1.011719,000,-1,1.014851216292812,157.714828,24.422684,0.020752,3.431396,0.307617,4.326171
488,20:09:09,-0.074219,0.019531,1.015625,000,-1,1.0185205253439913,157.836898,24.432136,0.019531,3.432617,0.310059,4.327392
489,20:09:09,-0.074219,0.015625,1.015625,000,-1,1.018453111935449,157.836898,24.432136,0.019531,3.432617,0.313721,4.326171
490,20:09:09,-0.078125,0.019531,1.015625,000,-1,1.0188126011249565,157.836898,24.422684,0.019531,3.431396,0.317383,4.324951
491,20:09:09,-0.078125,0.019531,1.023438,000,-1,1.0266013420164617,157.653792,24.422684,0.019531,3.431396,0.310059,4.328613
492,20:09:09,-0.074219,0.019531,1.015625,000,-1,1.0185205253439913,157.592757,24.432136,0.019531,3.431396,0.310059,4.328613
493,20:09:09,-0.078125,0.015625,1.011719,000,-1,1.014851216292812,157.653792,24.422684,0.019531,3.431396,0.310059,4.328613
494,20:09:09,-0.074219,0.023438,1.019531,000,-1,1.0224975597848631,157.714828,24.422684,0.019531,3.431396,0.308838,4.309082
495,20:09:09,-0.074219,0.023438,1.011719,000,-1,1.0147083988841328,157.836898,24.432136,0.019531,3.431396,0.310059,4.327392
496,20:09:09,-0.074219,0.019531,1.023438,000,-1,1.0263114828189346,157.836898,24.422684,0.019531,3.431396,0.314941,4.327392
497,20:09:10,-0.078125,0.019531,1.019531,000,-1,1.0227064268630561,157.836898,24.422684,0.019531,3.431396,0.317383,4.328613
498,20:09:10,-0.074219,0.019531,1.011719,000,-1,1.0146256722964386,157.775863,24.432136,0.020752,3.431396,0.313721,4.328613
499,20:09:10,-0.078125,0.015625,1.023438,000,-1,1.026534459282298,157.653792,24.422684,0.019531,3.431396,0.3125,4.329834
500,20:09:10,-0.074219,0.019531,1.023438,000,-1,1.0263114828189346,157.714828,24.432136,0.019531,3.431396,0.310059,4.332275
501,20:09:10,-0.074219,0.011719,1.011719,000,-1,1.0145053621755777,157.653792,24.422684,0.019531,3.431396,0.310059,4.328613
502,20:09:10,-0.078125,0.019531,1.019531,000,-1,1.0227064268630561,157.653792,24.422684,0.019531,3.431396,0.3125,4.327392
503,20:09:10,-0.074219,0.015625,1.015625,000,-1,1.018453111935449,157.714828,24.422684,0.019531,3.431396,0.313721,4.327392
504,20:09:10,-0.078125,0.015625,1.015625,000,-1,1.01874520704394,157.775863,24.432136,0.019531,3.431396,0.314941,4.324951
505,20:09:10,-0.078125,0.019531,1.011719,000,-1,1.0149188689481539,157.775863,24.432136,0.019531,3.431396,0.321045,4.327392
506,20:09:10,-0.078125,0.015625,1.011719,000,-1,1.014851216292812,157.836898,24.432136,0.019531,3.430175,0.328369,4.327392
507,20:09:11,-0.070312,0.019531,1.007812,000,-1,1.0104505255820295,157.836898,24.432136,0.019531,3.431396,0.333252,4.326171
508,20:09:11,-0.074219,0.023438,1.015625,000,-1,1.0186029356083752,157.775863,24.422684,0.019531,3.431396,0.339355,4.327392
509,20:09:11,-0.074219,0.019531,1.015625,000,-1,1.0185205253439913,157.775863,24.432136,0.019531,3.431396,0.335693,4.329834
510,20:09:11,-0.074219,0.015625,1.011719,000,-1,1.0145580000901873,157.775863,24.432136,0.019531,3.431396,0.32959,4.328613
511,20:09:11,-0.074219,0.019531,1.015625,000,-1,1.0185205253439913,157.653792,24.422684,0.019531,3.432617,0.318603,4.328613
512,20:09:11,-0.074219,0.015625,1.007812,000,-1,1.010661975108394,157.653792,24.422684,0.019531,3.431396,0.313721,4.328613
513,20:09:11,-0.078125,0.019531,1.015625,000,-1,1.0188126011249565,157.775863,24.422684,0.019531,3.431396,0.313721,4.32373
514,20:09:11,-0.074219,0.019531,1.011719,000,-1,1.0146256722964386,157.897933,24.432136,0.019531,3.432617,0.314941,4.326171
515,20:09:11,-0.074219,0.019531,1.011719,000,-1,1.0146256722964386,157.836898,24.441588,0.019531,3.431396,0.321045,4.324951
516,20:09:11,-0.074219,0.019531,1.007812,000,-1,1.0107299081683494,157.836898,24.432136,0.019531,3.431396,0.319824,4.328613
517,20:09:12,-0.074219,0.019531,1.023438,000,-1,1.0263114828189346,157.714828,24.422684,0.019531,3.431396,0.316162,4.329834
518,20:09:12,-0.074219,0.023438,1.007812,000,-1,1.0108129535918107,157.653792,24.432136,0.019531,3.431396,0.313721,4.328613
519,20:09:12,-0.070312,0.019531,1.019531,000,-1,1.0221392748867444,157.653792,24.422684,0.019531,3.431396,0.314941,4.327392
520,20:09:12,-0.078125,0.019531,1.011719,000,-1,1.0149188689481539,157.653792,24.432136,0.019531,3.432617,0.317383,4.324951
521,20:09:12,-0.078125,0.015625,1.019531,000,-1,1.0226392893933813,157.775863,24.432136,0.019531,3.431396,0.323486,4.324951
522,20:09:12,-0.074219,0.019531,1.015625,000,-1,1.0185205253439913,157.836898,24.432136,0.019531,3.431396,0.328369,4.326171
523,20:09:12,-0.074219,0.023438,1.007812,000,-1,1.0108129535918107,157.775863,24.432136,0.019531,3.432617,0.333252,4.326171
524,20:09:12,-0.074219,0.019531,1.023438,000,-1,1.0263114828189346,157.836898,24.432136,0.019531,3.432617,0.338135,4.326171
525,20:09:12,-0.078125,0.027344,1.015625,000,-1,1.0189923211614502,157.775863,24.432136,0.019531,3.431396,0.340576,4.328613
526,20:09:12,-0.074219,0.019531,1.015625,000,-1,1.0185205253439913,157.714828,24.441588,0.019531,3.431396,0.334473,4.331054
527,20:09:13,-0.074219,0.019531,1.011719,000,-1,1.0146256722964386,157.653792,24.432136,0.019531,3.431396,0.327148,4.329834
528,20:09:13,-0.074219,0.015625,1.011719,000,-1,1.0145580000901873,157.653792,24.422684,0.019531,3.432617,0.322266,4.329834
529,20:09:13,-0.074219,0.023438,1.019531,000,-1,1.0224975597848631,157.653792,24.432136,0.019531,3.431396,0.317383,4.327392
530,20:09:13,-0.070312,0.015625,1.011719,000,-1,1.0142796719495073,157.653792,24.432136,0.019531,3.431396,0.314941,4.329834
531,20:09:13,-0.074219,0.019531,1.015625,000,-1,1.0185205253439913,157.714828,24.432136,0.019531,3.431396,0.3125,4.327392
532,20:09:13,-0.074219,0.019531,1.011719,000,-1,1.0146256722964386,157.775863,24.432136,0.019531,3.431396,0.3125,4.326171
533,20:09:13,-0.082031,0.015625,1.015625,000,-1,1.019052190131104,157.897933,24.432136,0.019531,3.431396,0.313721,4.32373
534,20:09:13,-0.078125,0.015625,1.007812,000,-1,1.0109563213086903,157.836898,24.432136,0.019531,3.432617,0.316162,4.324951
535,20:09:13,-0.070312,0.019531,1.007812,000,-1,1.0104505255820295,157.836898,24.432136,0.019531,3.431396,0.319824,4.326171
536,20:09:13,-0.078125,0.023438,1.011719,000,-1,1.0150015716391774,157.775863,24.432136,0.019531,3.431396,0.321045,4.327392
537,20:09:14,-0.074219,0.019531,1.023438,000,-1,1.0263114828189346,157.714828,24.432136,0.019531,3.432617,0.316162,4.328613
538,20:09:14,-0.070312,0.019531,1.023438,000,-1,1.0260363429961923,157.714828,24.441588,0.019531,3.431396,0.313721,4.328613
539,20:09:14,-0.074219,0.023438,1.019531,000,-1,1.0224975597848631,157.653792,24.441588,0.019531,3.432617,0.314941,4.327392
540,20:09:14,-0.078125,0.011719,1.007812,000,-1,1.0109034958540801,157.592757,24.432136,0.019531,3.431396,0.313721,4.328613
541,20:09:14,-0.078125,0.019531,1.011719,000,-1,1.0149188689481539,157.653792,24.432136,0.019531,3.430175,0.316162,4.328613
542,20:09:14,-0.078125,0.015625,1.015625,000,-1,1.01874520704394,157.714828,24.432136,0.019531,3.431396,0.318603,4.327392
543,20:09:14,-0.074219,0.015625,1.019531,000,-1,1.0223483068636636,157.714828,24.432136,0.019531,3.431396,0.319824,4.326171
544,20:09:14,-0.070312,0.015625,1.011719,000,-1,1.0142796719495073,157.775863,24.441588,0.019531,3.431396,0.325928,4.326171
545,20:09:14,-0.078125,0.019531,1.023438,000,-1,1.0266013420164617,157.836898,24.432136,0.019531,3.432617,0.330811,4.329834
546,20:09:14,-0.070312,0.015625,1.015625,000,-1,1.018175848561534,157.836898,24.432136,0.019531,3.432617,0.335693,4.327392
547,20:09:15,-0.074219,0.019531,1.015625,000,-1,1.0185205253439913,157.775863,24.432136,0.019531,3.431396,0.341797,4.328613
548,20:09:15,-0.078125,0.015625,1.015625,000,-1,1.01874520704394,157.714828,24.432136,0.019531,3.432617,0.335693,4.328613
549,20:09:15,-0.074219,0.015625,1.019531,000,-1,1.0223483068636636,157.653792,24.432136,0.019531,3.431396,0.319824,4.329834
550,20:09:15,-0.070312,0.023438,1.019531,000,-1,1.0222213934119164,157.653792,24.432136,0.019531,3.432617,0.317383,4.328613
551,20:09:15,-0.074219,0.019531,1.015625,000,-1,1.0185205253439913,157.653792,24.422684,0.019531,3.431396,0.314941,4.329834
552,20:09:15,-0.078125,0.015625,1.019531,000,-1,1.0226392893933813,157.775863,24.432136,0.019531,3.432617,0.3125,4.326171
553,20:09:15,-0.078125,0.015625,1.007812,000,-1,1.0109563213086903,157.775863,24.441588,0.019531,3.431396,0.3125,4.326171
554,20:09:15,-0.074219,0.019531,1.007812,000,-1,1.0107299081683494,157.836898,24.422684,0.019531,3.431396,0.314941,4.324951
555,20:09:15,-0.074219,0.015625,1.019531,000,-1,1.0223483068636636,157.836898,24.422684,0.019531,3.430175,0.318603,4.324951
556,20:09:15,-0.074219,0.023438,1.011719,000,-1,1.0147083988841328,157.714828,24.432136,0.019531,3.432617,0.317383,4.327392
557,20:09:16,-0.074219,0.019531,1.011719,000,-1,1.0146256722964386,157.653792,24.432136,0.019531,3.432617,0.3125,4.327392
558,20:09:16,-0.078125,0.019531,1.019531,000,-1,1.0227064268630561,157.653792,24.422684,0.019531,3.431396,0.314941,4.326171
559,20:09:16,-0.074219,0.019531,1.015625,000,-1,1.0185205253439913,157.714828,24.422684,0.019531,3.431396,0.318603,4.326171
560,20:09:16,-0.078125,0.019531,1.011719,000,-1,1.0149188689481539,157.714828,24.422684,0.019531,3.431396,0.3125,4.327392
561,20:09:16,-0.078125,0.015625,1.011719,000,-1,1.014851216292812,157.653792,24.432136,0.019531,3.432617,0.313721,4.327392
562,20:09:16,-0.074219,0.019531,1.019531,000,-1,1.0224154634408655,157.592757,24.432136,0.019531,3.431396,0.314941,4.327392
563,20:09:16,-0.074219,0.019531,1.019531,000,-1,1.0224154634408655,157.653792,24.432136,0.019531,3.431396,0.317383,4.327392
564,20:09:16,-0.074219,0.023438,1.011719,000,-1,1.0147083988841328,157.714828,24.422684,0.019531,3.431396,0.317383,4.324951
565,20:09:16,-0.074219,0.019531,1.007812,000,-1,1.0107299081683494,157.775863,24.432136,0.019531,3.431396,0.322266,4.324951
566,20:09:17,-0.074219,0.019531,1.019531,000,-1,1.0224154634408655,157.836898,24.432136,0.019531,3.431396,0.327148,4.324951
567,20:09:17,-0.078125,0.015625,1.011719,000,-1,1.014851216292812,157.775863,24.422684,0.019531,3.432617,0.333252,4.326171
568,20:09:17,-0.078125,0.015625,1.019531,000,-1,1.0226392893933813,157.836898,24.432136,0.019531,3.431396,0.338135,4.331054
569,20:09:17,-0.078125,0.019531,1.011719,000,-1,1.0149188689481539,157.714828,24.432136,0.019531,3.432617,0.334473,4.326171
570,20:09:17,-0.070312,0.019531,1.011719,000,-1,1.0143473627244268,157.653792,24.422684,0.019531,3.432617,0.327148,4.326171
571,20:09:17,-0.074219,0.019531,1.019531,000,-1,1.0224154634408655,157.653792,24.432136,0.019531,3.431396,0.322266,4.328613
572,20:09:17,-0.070312,0.019531,1.015625,000,-1,1.018243280326465,157.653792,24.432136,0.019531,3.432617,0.314941,4.327392
573,20:09:17,-0.078125,0.015625,1.015625,000,-1,1.01874520704394,157.714828,24.432136,0.019531,3.432617,0.313721,4.326171
574,20:09:17,-0.070312,0.019531,1.015625,000,-1,1.018243280326465,157.775863,24.432136,0.019531,3.431396,0.313721,4.324951
575,20:09:17,-0.070312,0.019531,1.015625,000,-1,1.018243280326465,157.836898,24.432136,0.019531,3.431396,0.314941,4.326171
576,20:09:18,-0.074219,0.023438,1.007812,000,-1,1.0108129535918107,157.836898,24.432136,0.019531,3.431396,0.317383,4.326171
577,20:09:18,-0.078125,0.019531,1.015625,000,-1,1.0188126011249565,157.836898,24.432136,0.019531,3.431396,0.321045,4.326171
578,20:09:18,-0.066406,0.015625,1.007812,000,-1,1.0101182726814717,157.714828,24.432136,0.019531,3.432617,0.319824,4.326171
579,20:09:18,-0.074219,0.019531,1.015625,000,-1,1.0185205253439913,157.775863,24.432136,0.019531,3.431396,0.317383,4.327392
580,20:09:18,-0.078125,0.015625,1.015625,000,-1,1.01874520704394,157.714828,24.432136,0.019531,3.431396,0.316162,4.331054
581,20:09:18,-0.078125,0.019531,1.015625,000,-1,1.0188126011249565,157.653792,24.432136,0.019531,3.432617,0.314941,4.327392
582,20:09:18,-0.078125,0.015625,1.015625,000,-1,1.01874520704394,157.653792,24.432136,0.019531,3.432617,0.314941,4.327392
583,20:09:18,-0.074219,0.019531,1.015625,000,-1,1.0185205253439913,157.653792,24.432136,0.019531,3.431396,0.317383,4.327392
584,20:09:18,-0.070312,0.023438,1.015625,000,-1,1.0183257130275165,157.775863,24.432136,0.019531,3.432617,0.322266,4.326171
585,20:09:18,-0.074219,0.015625,1.015625,000,-1,1.018453111935449,157.836898,24.432136,0.019531,3.432617,0.336914,4.32373
586,20:09:19,-0.074219,0.019531,1.011719,000,-1,1.0146256722964386,157.714828,24.432136,0.019531,3.432617,0.332031,4.327392
587,20:09:19,-0.078125,0.023438,1.019531,000,-1,1.022788499852242,157.653792,24.432136,0.019531,3.431396,0.318603,4.326171
588,20:09:19,-0.074219,0.019531,1.023438,000,-1,1.0263114828189346,157.775863,24.432136,0.019531,3.432617,0.313721,4.326171
589,20:09:19,-0.078125,0.015625,1.011719,000,-1,1.014851216292812,157.836898,24.432136,0.019531,3.431396,0.314941,4.32373
590,20:09:19,-0.078125,0.019531,1.003906,000,-1,1.0071306928209465,157.836898,24.432136,0.019531,3.432617,0.319824,4.327392
591,20:09:19,-0.074219,0.019531,1.023438,000,-1,1.0263114828189346,157.653792,24.432136,0.019531,3.432617,0.314941,4.324951
592,20:09:19,-0.070312,0.019531,1.011719,000,-1,1.0143473627244268,157.653792,24.432136,0.019531,3.431396,0.314941,4.326171
593,20:09:19,-0.078125,0.023438,1.003906,000,-1,1.007214035001995,157.714828,24.441588,0.019531,3.431396,0.318603,4.327392
594,20:09:19,-0.078125,0.019531,1.015625,000,-1,1.0188126011249565,157.775863,24.432136,0.019531,3.431396,0.323486,4.322509
595,20:09:19,-0.082031,0.019531,1.011719,000,-1,1.0152270090393578,157.836898,24.432136,0.019531,3.431396,0.334473,4.326171
596,20:09:20,-0.078125,0.019531,1.007812,000,-1,1.011024234590843,157.836898,24.432136,0.019531,3.431396,0.340576,4.327392
597,20:09:20,-0.074219,0.015625,1.015625,000,-1,1.018453111935449,157.714828,24.432136,0.019531,3.432617,0.334473,4.326171
598,20:09:20,-0.074219,0.019531,1.011719,000,-1,1.0146256722964386,157.653792,24.432136,0.019531,3.431396,0.318603,4.328613
599,20:09:20,-0.074219,0.015625,1.015625,000,-1,1.018453111935449,157.653792,24.432136,0.019531,3.431396,0.313721,4.327392
600,20:09:20,-0.074219,0.019531,1.015625,000,-1,1.0185205253439913,157.775863,24.432136,0.019531,3.431396,0.3125,4.324951
601,20:09:20,-0.074219,0.019531,1.019531,000,-1,1.0224154634408655,157.836898,24.432136,0.019531,3.431396,0.318603,4.326171
602,20:09:20,-0.074219,0.011719,1.015625,000,-1,1.018400675346889,157.775863,24.432136,0.019531,3.431396,0.322266,4.327392
603,20:09:20,-0.078125,0.015625,1.019531,000,-1,1.0226392893933813,157.714828,24.432136,0.019531,3.432617,0.317383,4.327392
604,20:09:20,-0.078125,0.019531,1.011719,000,-1,1.0149188689481539,157.409652,24.422684,0.019531,3.431396,0.314941,4.324951
605,20:09:21,-0.078125,0.019531,1.019531,000,-1,1.0227064268630561,157.653792,24.432136,0.019531,3.431396,0.3125,4.328613
