timestamp,x_axis,y_axis,z_axis,fall,pitch,roll,tilt
2025-08-14T14:04:49.963281,-0.074219,0.019531,1.015625,0,1.0987627980003676,-4.178814021344229,0.020752
2025-08-14T14:04:50.067483,-0.070312,0.019531,1.019531,0,1.0948722985581978,-3.94443780441863,0.020752
2025-08-14T14:04:50.169959,-0.074219,0.015625,1.011719,0,0.8824354530316566,-4.195164247190032,0.020752
2025-08-14T14:04:50.267783,-0.074219,0.019531,1.015625,0,1.0987627980003676,-4.178814021344229,0.020752
2025-08-14T14:04:50.368437,-0.070312,0.019531,1.011719,0,1.1032838148222464,-3.974786307045472,0.020752
2025-08-14T14:04:50.496109,-0.074219,0.015625,1.019531,0,0.8757107582865988,-4.163140449323331,0.020752
2025-08-14T14:04:50.571076,-0.066406,0.019531,1.011719,0,1.1035702752112522,-3.75462749123489,0.020752
2025-08-14T14:04:50.672617,-0.078125,0.015625,1.011719,0,0.8821804749424016,-4.415096222521653,0.020752
2025-08-14T14:05:36.885305,-0.078125,0.019531,1.007812,0,1.106910640781439,-4.431841821849936,0.020752
2025-08-14T14:05:36.914314,-0.074219,0.019531,1.019531,0,1.0945765010030104,-4.162866514422745,0.020752
2025-08-14T14:05:37.016320,-0.078125,0.015625,1.015625,0,0.8788082160947002,-4.398186932818698,0.019531
2025-08-14T14:05:37.116307,-0.074219,0.023438,1.011719,0,1.3235506112733313,-4.194541331940415,0.019531
2025-08-14T14:05:37.217587,-0.074219,0.019531,1.019531,0,1.0945765010030104,-4.162866514422745,0.020752
2025-08-14T14:05:37.318903,-0.074219,0.019531,1.019531,0,1.0945765010030104,-4.162866514422745,0.020752
2025-08-14T14:05:37.419969,-0.078125,0.019531,1.023438,0,1.0901129198618515,-4.36446401113324,0.019531
2025-08-14T14:05:37.520254,-0.074219,0.019531,1.019531,0,1.0945765010030104,-4.162866514422745,0.020752
2025-08-14T14:05:37.620803,-0.074219,0.027344,1.011719,0,1.5440244044923843,-4.194136636795277,0.019531
2025-08-14T14:05:37.726983,-0.074219,0.023438,1.019531,0,1.3134663212654785,-4.1625316885074,0.020752
2025-08-14T14:05:37.824616,-0.070312,0.019531,1.007812,0,1.1075391957439158,-3.990139988221692,0.019531
2025-08-14T14:05:37.925471,-0.078125,0.015625,1.011719,0,0.8821804749424016,-4.415096222521653,0.019531
2025-08-14T14:05:38.025781,-0.074219,0.019531,1.007812,0,1.1072330153369714,-4.211081851662468,0.019531
2025-08-14T14:05:38.126124,-0.074219,0.019531,1.007812,0,1.1072330153369714,-4.211081851662468,0.019531
2025-08-14T14:05:38.225402,-0.078125,0.019531,1.023438,0,1.0901129198618515,-4.36446401113324,0.019531
2025-08-14T14:05:38.327803,-0.066406,0.023438,1.015625,0,1.3191880168862613,-3.7399305842923662,0.020752
2025-08-14T14:05:38.428985,-0.074219,0.027344,1.019531,0,1.5322617917008603,-4.162136186995037,0.019531
2025-08-14T14:05:38.529011,-0.074219,0.023438,1.015625,0,1.318489239368982,-4.178475332923178,0.019531
2025-08-14T14:05:38.631475,-0.074219,0.027344,1.011719,0,1.5440244044923843,-4.194136636795277,0.019531
2025-08-14T14:05:38.734456,-0.074219,0.015625,1.015625,0,0.8790602804446449,-4.179091116786744,0.019531
2025-08-14T14:05:38.834920,-0.078125,0.015625,1.019531,0,0.8754615635122167,-4.381406403248674,0.019531
2025-08-14T14:05:38.932994,-0.078125,0.019531,1.015625,0,1.0984477632909195,-4.397895421613334,0.019531
2025-08-14T14:05:39.038293,-0.082031,0.019531,1.015625,0,1.098116866018644,-4.61684804518945,0.019531
2025-08-14T14:05:39.143740,-0.078125,0.015625,1.011719,0,0.8821804749424016,-4.415096222521653,0.019531
2025-08-14T14:05:39.236505,-0.078125,0.019531,1.015625,0,1.0984477632909195,-4.397895421613334,0.019531
2025-08-14T14:05:39.337508,-0.078125,0.015625,1.011719,0,0.8821804749424016,-4.415096222521653,0.019531
2025-08-14T14:05:39.439085,-0.074219,0.019531,1.015625,0,1.0987627980003676,-4.178814021344229,0.019531
2025-08-14T14:05:39.538115,-0.082031,0.023438,1.011719,0,1.322766637439192,-4.634210244774993,0.019531
2025-08-14T14:05:39.639777,-0.074219,0.027344,1.007812,0,1.5499750226945557,-4.210325857259651,0.019531
2025-08-14T14:05:39.744535,-0.078125,0.023438,1.019531,0,1.313092630217117,-4.380765969109868,0.019531
2025-08-14T14:05:39.841314,-0.078125,0.015625,1.011719,0,0.8821804749424016,-4.415096222521653,0.020752
2025-08-14T14:05:39.946334,-0.074219,0.019531,1.011719,0,1.1029811491242274,-4.1948839424456885,0.019531
2025-08-14T14:05:40.055528,-0.078125,0.023438,1.011719,0,1.3231682493190118,-4.41444090325224,0.019531
2025-08-14T14:05:40.152515,-0.078125,0.023438,1.019531,0,1.313092630217117,-4.380765969109868,0.019531
2025-08-14T14:05:40.243693,-0.078125,0.023438,1.011719,0,1.3231682493190118,-4.41444090325224,0.019531
2025-08-14T14:05:40.345271,-0.074219,0.023438,1.015625,0,1.318489239368982,-4.178475332923178,0.019531
2025-08-14T14:05:40.444219,-0.074219,0.015625,1.015625,0,0.8790602804446449,-4.179091116786744,0.020752
2025-08-14T14:05:40.547687,-0.074219,0.019531,1.015625,0,1.0987627980003676,-4.178814021344229,0.019531
2025-08-14T14:05:40.647941,-0.074219,0.019531,1.023438,0,1.0904208355486065,-4.147035994474838,0.019531
2025-08-14T14:05:40.748989,-0.078125,0.019531,1.019531,0,1.0942650524290611,-4.381118215754438,0.019531
2025-08-14T14:05:40.850620,-0.070312,0.019531,1.019531,0,1.0948722985581978,-3.94443780441863,0.019531
2025-08-14T14:05:40.950959,-0.078125,0.011719,1.011719,0,0.6616723448247972,-4.41532562301725,0.019531
2025-08-14T14:05:41.051501,-0.074219,0.015625,1.023438,0,0.8723857482373869,-4.147306815880882,0.019531
2025-08-14T14:05:41.152903,-0.074219,0.019531,1.015625,0,1.0987627980003676,-4.178814021344229,0.019531
2025-08-14T14:05:41.253475,-0.074219,0.015625,1.015625,0,0.8790602804446449,-4.179091116786744,0.019531
2025-08-14T14:05:41.354568,-0.074219,0.015625,1.023438,0,0.8723857482373869,-4.147306815880882,0.019531
2025-08-14T14:05:41.456571,-0.074219,0.023438,1.011719,0,1.3235506112733313,-4.194541331940415,0.019531
2025-08-14T14:05:41.556579,-0.078125,0.015625,1.011719,0,0.8821804749424016,-4.415096222521653,0.020752
2025-08-14T14:05:41.660632,-0.078125,0.023438,1.015625,0,1.3181112459668023,-4.397539113053031,0.019531
2025-08-14T14:05:41.759122,-0.078125,0.019531,1.019531,0,1.0942650524290611,-4.381118215754438,0.019531
2025-08-14T14:05:41.863264,-0.074219,0.019531,1.011719,0,1.1029811491242274,-4.1948839424456885,0.020752
2025-08-14T14:05:41.963318,-0.074219,0.019531,1.011719,0,1.1029811491242274,-4.1948839424456885,0.019531
2025-08-14T14:05:42.062216,-0.078125,0.015625,1.015625,0,0.8788082160947002,-4.398186932818698,0.019531
2025-08-14T14:05:42.163728,-0.074219,0.015625,1.003906,0,0.8892648146423924,-4.227687765693737,0.020752
2025-08-14T14:05:42.264707,-0.078125,0.023438,1.015625,0,1.3181112459668023,-4.397539113053031,0.019531
2025-08-14T14:05:42.366326,-0.078125,0.015625,1.019531,0,0.8754615635122167,-4.381406403248674,0.019531
2025-08-14T14:05:42.466288,-0.070312,0.019531,1.011719,0,1.1032838148222464,-3.974786307045472,0.019531
2025-08-14T14:05:42.567275,-0.078125,0.019531,1.015625,0,1.0984477632909195,-4.397895421613334,0.019531
2025-08-14T14:05:42.667390,-0.074219,0.019531,1.027344,0,1.0862975713345,-4.1313291950822295,0.019531
2025-08-14T14:05:42.769094,-0.078125,0.019531,1.015625,0,1.0984477632909195,-4.397895421613334,0.020752
2025-08-14T14:05:42.870568,-0.078125,0.015625,1.015625,0,0.8788082160947002,-4.398186932818698,0.020752
2025-08-14T14:05:42.970365,-0.074219,0.019531,1.015625,0,1.0987627980003676,-4.178814021344229,0.020752
2025-08-14T14:05:43.073328,-0.074219,0.019531,1.015625,0,1.0987627980003676,-4.178814021344229,0.020752
2025-08-14T14:05:43.171916,-0.074219,0.023438,1.015625,0,1.318489239368982,-4.178475332923178,0.020752
2025-08-14T14:05:43.273318,-0.078125,0.023438,1.015625,0,1.3181112459668023,-4.397539113053031,0.020752
2025-08-14T14:05:43.379622,-0.070312,0.015625,1.011719,0,0.882677621000814,-3.975052001874419,0.020752
2025-08-14T14:05:43.477606,-0.078125,0.015625,1.019531,0,0.8754615635122167,-4.381406403248674,0.020752
2025-08-14T14:05:43.578866,-0.074219,0.023438,1.015625,0,1.318489239368982,-4.178475332923178,0.020752
2025-08-14T14:05:43.693865,-0.078125,0.011719,1.011719,0,0.6616723448247972,-4.41532562301725,0.020752
2025-08-14T14:05:43.783872,-0.074219,0.011719,1.015625,0,0.6593319071763242,-4.179306677081632,0.019531
2025-08-14T14:05:43.878571,-0.074219,0.019531,1.019531,0,1.0945765010030104,-4.162866514422745,0.020752
2025-08-14T14:05:43.978578,-0.078125,0.019531,1.007812,0,1.106910640781439,-4.431841821849936,0.020752
2025-08-14T14:05:44.080153,-0.078125,0.019531,1.023438,0,1.0901129198618515,-4.36446401113324,0.019531
2025-08-14T14:05:44.182155,-0.078125,0.019531,1.011719,0,1.1026624730935723,-4.414801336352567,0.020752
2025-08-14T14:05:44.284908,-0.074219,0.019531,1.019531,0,1.0945765010030104,-4.162866514422745,0.020752
2025-08-14T14:05:44.383888,-0.078125,0.015625,1.019531,0,0.8754615635122167,-4.381406403248674,0.020752
2025-08-14T14:05:44.483888,-0.074219,0.019531,1.019531,0,1.0945765010030104,-4.162866514422745,0.020752
2025-08-14T14:05:44.678884,-0.078125,0.011719,1.011719,0,0.6616723448247972,-4.41532562301725,0.019531
2025-08-14T14:05:44.724886,-0.074219,0.023438,1.007812,0,1.3286521897374437,-4.2107352573149095,0.020752
2025-08-14T14:05:44.822895,-0.074219,0.019531,1.011719,0,1.1029811491242274,-4.1948839424456885,0.019531
2025-08-14T14:05:44.926188,-0.074219,0.023438,1.015625,0,1.318489239368982,-4.178475332923178,0.019531
2025-08-14T14:05:45.029163,-0.074219,0.015625,1.019531,0,0.8757107582865988,-4.163140449323331,0.019531
2025-08-14T14:05:45.163340,-0.074219,0.019531,1.015625,0,1.0987627980003676,-4.178814021344229,0.020752
2025-08-14T14:05:45.227841,-0.078125,0.019531,1.019531,0,1.0942650524290611,-4.381118215754438,0.020752
2025-08-14T14:05:45.329725,-0.078125,0.015625,1.007812,0,0.8855795074738829,-4.432140136110196,0.020752
2025-08-14T14:05:45.428537,-0.074219,0.019531,1.015625,0,1.0987627980003676,-4.178814021344229,0.020752
2025-08-14T14:05:45.531107,-0.070312,0.019531,1.023438,0,1.090713275908077,-3.929432551882644,0.020752
2025-08-14T14:05:45.655122,-0.074219,0.023438,1.011719,0,1.3235506112733313,-4.194541331940415,0.020752
2025-08-14T14:05:45.735950,-0.074219,0.019531,1.015625,0,1.0987627980003676,-4.178814021344229,0.020752
2025-08-14T14:05:45.837384,-0.078125,0.015625,1.015625,0,0.8788082160947002,-4.398186932818698,0.019531
2025-08-14T14:05:45.937387,-0.070312,0.019531,1.015625,0,1.0990620033875442,-3.959554007490287,0.019531
2025-08-14T14:05:46.038056,-0.078125,0.019531,1.003906,0,1.1111904648672029,-4.449009661770406,0.020752
2025-08-14T14:05:46.147490,-0.074219,0.019531,1.015625,0,1.0987627980003676,-4.178814021344229,0.020752
2025-08-14T14:05:46.238790,-0.074219,0.019531,1.015625,0,1.0987627980003676,-4.178814021344229,0.020752
2025-08-14T14:05:46.346526,-0.074219,0.015625,1.015625,0,0.8790602804446449,-4.179091116786744,0.020752
2025-08-14T14:05:46.440387,-0.070312,0.027344,1.015625,0,1.5385394244318995,-3.9588537638114936,0.020752
2025-08-14T14:05:46.539208,-0.074219,0.023438,1.011719,0,1.3235506112733313,-4.194541331940415,0.019531
2025-08-14T14:05:46.641057,-0.078125,0.023438,1.011719,0,1.3231682493190118,-4.41444090325224,0.020752
2025-08-14T14:05:46.853621,-0.074219,0.019531,1.007812,0,1.1072330153369714,-4.211081851662468,0.020752
2025-08-14T14:05:46.975313,-0.070312,0.019531,1.015625,0,1.0990620033875442,-3.959554007490287,0.019531
2025-08-14T14:05:47.046897,-0.074219,0.019531,1.011719,0,1.1029811491242274,-4.1948839424456885,0.019531
2025-08-14T14:05:47.152808,-0.074219,0.015625,1.015625,0,0.8790602804446449,-4.179091116786744,0.019531
2025-08-14T14:05:47.249956,-0.070312,0.023438,1.011719,0,1.3239137632710951,-3.974461553954323,0.019531
2025-08-14T14:05:47.349956,-0.074219,0.015625,1.011719,0,0.8824354530316566,-4.195164247190032,0.020752
2025-08-14T14:05:47.449956,-0.070312,0.023438,1.015625,0,1.318848239976308,-3.9592329734027016,0.019531
2025-08-14T14:05:47.552270,-0.078125,0.019531,1.007812,0,1.106910640781439,-4.431841821849936,0.020752
2025-08-14T14:05:47.658198,-0.074219,0.011719,1.019531,0,0.6568194542417054,-4.163353550657151,0.019531
2025-08-14T14:05:47.754188,-0.078125,0.019531,1.023438,0,1.0901129198618515,-4.36446401113324,0.020752
2025-08-14T14:05:47.855235,-0.078125,0.019531,1.015625,0,1.0984477632909195,-4.397895421613334,0.019531
2025-08-14T14:05:47.955752,-0.074219,0.019531,1.015625,0,1.0987627980003676,-4.178814021344229,0.019531
2025-08-14T14:05:48.056749,-0.074219,0.019531,1.011719,0,1.1029811491242274,-4.1948839424456885,0.020752
2025-08-14T14:05:48.161267,-0.070312,0.019531,1.011719,0,1.1032838148222464,-3.974786307045472,0.020752
2025-08-14T14:05:48.259637,-0.078125,0.019531,1.007812,0,1.106910640781439,-4.431841821849936,0.020752
2025-08-14T14:05:48.358746,-0.074219,0.019531,1.007812,0,1.1072330153369714,-4.211081851662468,0.020752
2025-08-14T14:05:48.460460,-0.078125,0.015625,1.019531,0,0.8754615635122167,-4.381406403248674,0.019531
2025-08-14T14:05:48.562152,-0.074219,0.015625,1.007812,0,0.885837445081153,-4.211365416252368,0.019531
2025-08-14T14:05:48.666773,-0.078125,0.019531,1.011719,0,1.1026624730935723,-4.414801336352567,0.020752
2025-08-14T14:05:48.764192,-0.074219,0.023438,1.015625,0,1.318489239368982,-4.178475332923178,0.019531
2025-08-14T14:05:48.864606,-0.078125,0.019531,1.015625,0,1.0984477632909195,-4.397895421613334,0.020752
2025-08-14T14:05:48.967278,-0.074219,0.015625,1.011719,0,0.8824354530316566,-4.195164247190032,0.020752
2025-08-14T14:05:49.066068,-0.078125,0.015625,1.011719,0,0.8821804749424016,-4.415096222521653,0.019531
2025-08-14T14:05:49.191779,-0.078125,0.019531,1.015625,0,1.0984477632909195,-4.397895421613334,0.019531
2025-08-14T14:05:49.268411,-0.074219,0.019531,1.007812,0,1.1072330153369714,-4.211081851662468,0.020752
2025-08-14T14:05:49.368844,-0.074219,0.023438,1.011719,0,1.3235506112733313,-4.194541331940415,0.019531
2025-08-14T14:05:49.469288,-0.078125,0.019531,1.015625,0,1.0984477632909195,-4.397895421613334,0.019531
2025-08-14T14:05:49.570490,-0.078125,0.015625,1.015625,0,0.8788082160947002,-4.398186932818698,0.019531
2025-08-14T14:05:49.681402,-0.074219,0.019531,1.007812,0,1.1072330153369714,-4.211081851662468,0.020752
2025-08-14T14:05:49.772325,-0.078125,0.023438,1.019531,0,1.313092630217117,-4.380765969109868,0.020752
2025-08-14T14:05:49.873314,-0.074219,0.019531,1.019531,0,1.0945765010030104,-4.162866514422745,0.020752
2025-08-14T14:05:49.974606,-0.070312,0.015625,1.007812,0,0.8860824254812231,-3.990408774127534,0.020752
2025-08-14T14:05:50.074302,-0.074219,0.019531,1.015625,0,1.0987627980003676,-4.178814021344229,0.019531
2025-08-14T14:05:50.179628,-0.078125,0.015625,1.015625,0,0.8788082160947002,-4.398186932818698,0.019531
2025-08-14T14:05:50.277067,-0.074219,0.019531,1.011719,0,1.1029811491242274,-4.1948839424456885,0.019531
2025-08-14T14:05:50.379165,-0.074219,0.015625,1.015625,0,0.8790602804446449,-4.179091116786744,0.020752
2025-08-14T14:05:50.478577,-0.078125,0.019531,1.015625,0,1.0984477632909195,-4.397895421613334,0.020752
2025-08-14T14:05:50.579343,-0.074219,0.015625,1.019531,0,0.8757107582865988,-4.163140449323331,0.019531
2025-08-14T14:05:50.679491,-0.078125,0.015625,1.011719,0,0.8821804749424016,-4.415096222521653,0.019531
2025-08-14T14:05:50.779552,-0.074219,0.015625,1.015625,0,0.8790602804446449,-4.179091116786744,0.019531
2025-08-14T14:05:50.885559,-0.078125,0.019531,1.015625,0,1.0984477632909195,-4.397895421613334,0.019531
2025-08-14T14:05:50.982442,-0.078125,0.019531,1.019531,0,1.0942650524290611,-4.381118215754438,0.019531
2025-08-14T14:05:51.087153,-0.078125,0.015625,1.015625,0,0.8788082160947002,-4.398186932818698,0.019531
2025-08-14T14:05:51.187357,-0.070312,0.023438,1.011719,0,1.3239137632710951,-3.974461553954323,0.019531
2025-08-14T14:05:51.287424,-0.078125,0.015625,1.011719,0,0.8821804749424016,-4.415096222521653,0.020752
2025-08-14T14:05:51.387511,-0.078125,0.019531,1.019531,0,1.0942650524290611,-4.381118215754438,0.019531
2025-08-14T14:05:51.491314,-0.074219,0.023438,1.011719,0,1.3235506112733313,-4.194541331940415,0.020752
2025-08-14T14:05:51.592237,-0.078125,0.015625,1.011719,0,0.8821804749424016,-4.415096222521653,0.019531
2025-08-14T14:05:51.692803,-0.078125,0.015625,1.019531,0,0.8754615635122167,-4.381406403248674,0.020752
2025-08-14T14:05:51.793791,-0.078125,0.019531,1.023438,0,1.0901129198618515,-4.36446401113324,0.019531
2025-08-14T14:05:51.895110,-0.078125,0.019531,1.015625,0,1.0984477632909195,-4.397895421613334,0.019531
2025-08-14T14:05:51.996107,-0.078125,0.019531,1.015625,0,1.0984477632909195,-4.397895421613334,0.019531
2025-08-14T14:05:52.116632,-0.074219,0.023438,1.015625,0,1.318489239368982,-4.178475332923178,0.020752
2025-08-14T14:05:52.214631,-0.078125,0.015625,1.015625,0,0.8788082160947002,-4.398186932818698,0.019531
2025-08-14T14:05:52.319654,-0.066406,0.015625,1.019531,0,0.876171428032863,-3.726195505459816,0.019531
2025-08-14T14:05:52.422642,-0.082031,0.015625,1.015625,0,0.8785434598731011,-4.617153946649332,0.020752
2025-08-14T14:05:52.528656,-0.078125,0.011719,1.019531,0,0.6566325350784901,-4.381630592043893,0.020752
2025-08-14T14:05:52.631646,-0.070312,0.019531,1.023438,0,1.090713275908077,-3.929432551882644,0.020752
2025-08-14T14:05:52.708631,-0.074219,0.015625,1.015625,0,0.8790602804446449,-4.179091116786744,0.019531
2025-08-14T14:05:52.809642,-0.070312,0.015625,1.015625,0,0.8792996795163592,-3.9598166591906674,0.019531
2025-08-14T14:05:52.908636,-0.074219,0.019531,1.015625,0,1.0987627980003676,-4.178814021344229,0.019531
2025-08-14T14:05:53.010642,-0.078125,0.023438,1.011719,0,1.3231682493190118,-4.41444090325224,0.019531
2025-08-14T14:05:53.111645,-0.070312,0.023438,1.019531,0,1.3138212334336523,-3.9441204328156063,0.019531
2025-08-14T14:05:53.213657,-0.078125,0.019531,1.011719,0,1.1026624730935723,-4.414801336352567,0.019531
2025-08-14T14:05:53.316642,-0.078125,0.023438,1.007812,0,1.3282653906120647,-4.4314771992945285,0.020752
2025-08-14T14:05:53.418645,-0.070312,0.015625,1.019531,0,0.8759474304583958,-3.9446974592464015,0.020752
2025-08-14T14:05:53.515696,-0.074219,0.019531,1.023438,0,1.0904208355486065,-4.147035994474838,0.020752
2025-08-14T14:05:53.614707,-0.078125,0.015625,1.019531,0,0.8754615635122167,-4.381406403248674,0.019531
2025-08-14T14:05:53.720707,-0.078125,0.023438,1.015625,0,1.3181112459668023,-4.397539113053031,0.019531
2025-08-14T14:05:53.817561,-0.078125,0.015625,1.015625,0,0.8788082160947002,-4.398186932818698,0.019531
2025-08-14T14:05:53.916549,-0.078125,0.015625,1.011719,0,0.8821804749424016,-4.415096222521653,0.020752
2025-08-14T14:05:54.019625,-0.074219,0.015625,1.015625,0,0.8790602804446449,-4.179091116786744,0.019531
2025-08-14T14:05:54.118973,-0.074219,0.023438,1.011719,0,1.3235506112733313,-4.194541331940415,0.020752
2025-08-14T14:05:54.219135,-0.070312,0.019531,1.015625,0,1.0990620033875442,-3.959554007490287,0.020752
2025-08-14T14:05:54.321709,-0.082031,0.015625,1.019531,0,0.8751998195990149,-4.599545017888066,0.019531
2025-08-14T14:05:54.422235,-0.074219,0.015625,1.011719,0,0.8824354530316566,-4.195164247190032,0.019531
2025-08-14T14:05:54.535561,-0.074219,0.019531,1.007812,0,1.1072330153369714,-4.211081851662468,0.020752
2025-08-14T14:05:54.622720,-0.074219,0.019531,1.027344,0,1.0862975713345,-4.1313291950822295,0.020752
2025-08-14T14:05:54.729775,-0.074219,0.019531,1.011719,0,1.1029811491242274,-4.1948839424456885,0.020752
2025-08-14T14:05:54.829329,-0.074219,0.023438,1.019531,0,1.3134663212654785,-4.1625316885074,0.020752
2025-08-14T14:05:54.930946,-0.074219,0.015625,1.019531,0,0.8757107582865988,-4.163140449323331,0.020752
2025-08-14T14:05:55.030916,-0.074219,0.015625,1.007812,0,0.885837445081153,-4.211365416252368,0.020752
2025-08-14T14:05:55.130909,-0.074219,0.015625,1.011719,0,0.8824354530316566,-4.195164247190032,0.020752
2025-08-14T14:05:55.233413,-0.078125,0.023438,1.015625,0,1.3181112459668023,-4.397539113053031,0.020752
2025-08-14T14:05:55.333128,-0.074219,0.015625,1.015625,0,0.8790602804446449,-4.179091116786744,0.020752
2025-08-14T14:05:55.438549,-0.074219,0.019531,1.011719,0,1.1029811491242274,-4.1948839424456885,0.020752
2025-08-14T14:05:55.536280,-0.074219,0.019531,1.011719,0,1.1029811491242274,-4.1948839424456885,0.020752
2025-08-14T14:05:55.635331,-0.074219,0.019531,1.019531,0,1.0945765010030104,-4.162866514422745,0.020752
2025-08-14T14:05:55.742790,-0.074219,0.015625,1.019531,0,0.8757107582865988,-4.163140449323331,0.020752
2025-08-14T14:05:55.838799,-0.078125,0.011719,1.011719,0,0.6616723448247972,-4.41532562301725,0.019531
2025-08-14T14:05:55.944205,-0.078125,0.023438,1.007812,0,1.3282653906120647,-4.4314771992945285,0.020752
2025-08-14T14:05:56.043502,-0.074219,0.015625,1.011719,0,0.8824354530316566,-4.195164247190032,0.020752
2025-08-14T14:05:56.143483,-0.074219,0.015625,1.015625,0,0.8790602804446449,-4.179091116786744,0.020752
2025-08-14T14:05:56.242946,-0.074219,0.019531,1.011719,0,1.1029811491242274,-4.1948839424456885,0.020752
2025-08-14T14:05:56.344117,-0.074219,0.019531,1.019531,0,1.0945765010030104,-4.162866514422745,0.020752
2025-08-14T14:05:56.443215,-0.082031,0.019531,1.019531,0,1.093937919667331,-4.599242602827507,0.020752
2025-08-14T14:05:56.543951,-0.074219,0.019531,1.011719,0,1.1029811491242274,-4.1948839424456885,0.020752
2025-08-14T14:05:56.645745,-0.070312,0.019531,1.015625,0,1.0990620033875442,-3.959554007490287,0.020752
2025-08-14T14:05:56.749757,-0.078125,0.015625,1.007812,0,0.8855795074738829,-4.432140136110196,0.019531
2025-08-14T14:05:56.847139,-0.074219,0.019531,1.011719,0,1.1029811491242274,-4.1948839424456885,0.020752
2025-08-14T14:05:56.950085,-0.074219,0.015625,1.027344,0,0.8690866661704141,-4.131596950733885,0.020752
2025-08-14T14:05:57.049054,-0.078125,0.019531,1.019531,0,1.0942650524290611,-4.381118215754438,0.020752
2025-08-14T14:05:57.179724,-0.078125,0.019531,1.003906,0,1.1111904648672029,-4.449009661770406,0.020752
2025-08-14T14:05:57.250721,-0.078125,0.015625,1.015625,0,0.8788082160947002,-4.398186932818698,0.019531
2025-08-14T14:05:57.353658,-0.074219,0.019531,1.007812,0,1.1072330153369714,-4.211081851662468,0.019531
2025-08-14T14:05:57.452552,-0.074219,0.011719,1.015625,0,0.6593319071763242,-4.179306677081632,0.019531
2025-08-14T14:05:57.554680,-0.078125,0.015625,1.011719,0,0.8821804749424016,-4.415096222521653,0.020752
2025-08-14T14:05:57.656555,-0.074219,0.019531,1.007812,0,1.1072330153369714,-4.211081851662468,0.020752
2025-08-14T14:05:57.758564,-0.074219,0.019531,1.011719,0,1.1029811491242274,-4.1948839424456885,0.020752
2025-08-14T14:05:57.856122,-0.070312,0.019531,1.015625,0,1.0990620033875442,-3.959554007490287,0.020752
2025-08-14T14:05:57.957543,-0.078125,0.015625,1.019531,0,0.8754615635122167,-4.381406403248674,0.019531
2025-08-14T14:05:58.056529,-0.074219,0.023438,1.007812,0,1.3286521897374437,-4.2107352573149095,0.020752
2025-08-14T14:05:58.158269,-0.078125,0.019531,1.011719,0,1.1026624730935723,-4.414801336352567,0.020752
2025-08-14T14:05:58.259597,-0.078125,0.023438,1.015625,0,1.3181112459668023,-4.397539113053031,0.019531
2025-08-14T14:05:58.358611,-0.070312,0.015625,1.011719,0,0.882677621000814,-3.975052001874419,0.019531
2025-08-14T14:05:58.460669,-0.078125,0.019531,1.011719,0,1.1026624730935723,-4.414801336352567,0.020752
2025-08-14T14:05:58.562482,-0.078125,0.019531,1.011719,0,1.1026624730935723,-4.414801336352567,0.019531
2025-08-14T14:05:58.662000,-0.074219,0.019531,1.019531,0,1.0945765010030104,-4.162866514422745,0.020752
2025-08-14T14:05:58.765215,-0.078125,0.019531,1.019531,0,1.0942650524290611,-4.381118215754438,0.020752
2025-08-14T14:05:58.865526,-0.078125,0.019531,1.023438,0,1.0901129198618515,-4.36446401113324,0.019531
2025-08-14T14:05:58.974706,-0.078125,0.019531,1.007812,0,1.106910640781439,-4.431841821849936,0.019531
2025-08-14T14:05:59.066964,-0.074219,0.015625,1.007812,0,0.885837445081153,-4.211365416252368,0.019531
2025-08-14T14:05:59.170021,-0.074219,0.023438,1.011719,0,1.3235506112733313,-4.194541331940415,0.019531
2025-08-14T14:05:59.269295,-0.074219,0.019531,1.015625,0,1.0987627980003676,-4.178814021344229,0.019531
2025-08-14T14:05:59.370303,-0.070312,0.019531,1.011719,0,1.1032838148222464,-3.974786307045472,0.019531
2025-08-14T14:05:59.476308,-0.078125,0.019531,1.011719,0,1.1026624730935723,-4.414801336352567,0.020752
2025-08-14T14:05:59.573305,-0.078125,0.023438,1.011719,0,1.3231682493190118,-4.41444090325224,0.019531
2025-08-14T14:05:59.675294,-0.078125,0.023438,1.011719,0,1.3231682493190118,-4.41444090325224,0.019531
2025-08-14T14:05:59.774308,-0.074219,0.023438,1.011719,0,1.3235506112733313,-4.194541331940415,0.019531
2025-08-14T14:05:59.875305,-0.074219,0.023438,1.011719,0,1.3235506112733313,-4.194541331940415,0.019531
2025-08-14T14:05:59.982542,-0.070312,0.023438,1.007812,0,1.3290195583790962,-3.989811457540183,0.019531
2025-08-14T14:06:00.077956,-0.070312,0.019531,1.015625,0,1.0990620033875442,-3.959554007490287,0.020752
2025-08-14T14:06:00.178736,-0.070312,0.019531,1.015625,0,1.0990620033875442,-3.959554007490287,0.019531
2025-08-14T14:06:00.281002,-0.078125,0.019531,1.011719,0,1.1026624730935723,-4.414801336352567,0.019531
2025-08-14T14:06:00.381423,-0.078125,0.019531,1.011719,0,1.1026624730935723,-4.414801336352567,0.019531
2025-08-14T14:06:00.488424,-0.074219,0.015625,1.007812,0,0.885837445081153,-4.211365416252368,0.019531
2025-08-14T14:06:00.583557,-0.074219,0.019531,1.015625,0,1.0987627980003676,-4.178814021344229,0.019531
2025-08-14T14:06:00.701226,-0.078125,0.019531,1.019531,0,1.0942650524290611,-4.381118215754438,0.019531
2025-08-14T14:06:00.790238,-0.074219,0.023438,1.015625,0,1.318489239368982,-4.178475332923178,0.019531
2025-08-14T14:06:00.891233,-0.074219,0.015625,1.011719,0,0.8824354530316566,-4.195164247190032,0.020752
2025-08-14T14:06:00.988285,-0.078125,0.019531,1.007812,0,1.106910640781439,-4.431841821849936,0.020752
2025-08-14T14:06:01.091879,-0.078125,0.019531,1.023438,0,1.0901129198618515,-4.36446401113324,0.019531
2025-08-14T14:06:01.200163,-0.074219,0.019531,1.015625,0,1.0987627980003676,-4.178814021344229,0.019531
2025-08-14T14:06:01.289700,-0.074219,0.023438,1.011719,0,1.3235506112733313,-4.194541331940415,0.019531
2025-08-14T14:06:01.392691,-0.074219,0.015625,1.007812,0,0.885837445081153,-4.211365416252368,0.019531
2025-08-14T14:06:01.490294,-0.074219,0.019531,1.023438,0,1.0904208355486065,-4.147035994474838,0.020752
2025-08-14T14:06:01.594275,-0.074219,0.015625,1.011719,0,0.8824354530316566,-4.195164247190032,0.019531
2025-08-14T14:06:01.698265,-0.070312,0.015625,1.015625,0,0.8792996795163592,-3.9598166591906674,0.020752
2025-08-14T14:06:01.799799,-0.074219,0.027344,1.027344,0,1.52067506464023,-4.1306153380162,0.019531
2025-08-14T14:06:01.896037,-0.078125,0.03125,1.015625,0,1.7572031346874537,-4.396632765403424,0.019531
2025-08-14T14:06:01.996429,-0.078125,0.015625,1.007812,0,0.8855795074738829,-4.432140136110196,0.020752
2025-08-14T14:06:02.098144,-0.074219,0.015625,1.015625,0,0.8790602804446449,-4.179091116786744,0.020752
2025-08-14T14:06:02.199133,-0.078125,0.019531,1.015625,0,1.0984477632909195,-4.397895421613334,0.019531
2025-08-14T14:06:02.297144,-0.078125,0.015625,1.007812,0,0.8855795074738829,-4.432140136110196,0.019531
2025-08-14T14:06:02.397097,-0.078125,0.019531,1.007812,0,1.106910640781439,-4.431841821849936,0.019531
2025-08-14T14:06:02.498094,-0.074219,0.023438,1.011719,0,1.3235506112733313,-4.194541331940415,0.019531
2025-08-14T14:06:02.602084,-0.074219,0.019531,1.015625,0,1.0987627980003676,-4.178814021344229,0.019531
2025-08-14T14:06:02.699096,-0.074219,0.019531,1.011719,0,1.1029811491242274,-4.1948839424456885,0.019531
2025-08-14T14:06:02.801883,-0.074219,0.019531,1.011719,0,1.1029811491242274,-4.1948839424456885,0.019531
2025-08-14T14:06:02.901553,-0.074219,0.011719,1.011719,0,0.661863602311014,-4.195382304387747,0.020752
2025-08-14T14:06:03.002850,-0.074219,0.023438,1.007812,0,1.3286521897374437,-4.2107352573149095,0.019531
2025-08-14T14:06:03.102216,-0.074219,0.027344,1.011719,0,1.5440244044923843,-4.194136636795277,0.019531
2025-08-14T14:06:03.210224,-0.074219,0.015625,1.015625,0,0.8790602804446449,-4.179091116786744,0.019531
2025-08-14T14:06:03.304575,-0.070312,0.027344,1.011719,0,1.5444479950330672,-3.9740779522126735,0.019531
2025-08-14T14:06:03.405320,-0.074219,0.015625,1.007812,0,0.885837445081153,-4.211365416252368,0.019531
2025-08-14T14:06:03.506484,-0.070312,0.015625,1.011719,0,0.882677621000814,-3.975052001874419,0.019531
2025-08-14T14:06:03.606476,-0.074219,0.019531,1.015625,0,1.0987627980003676,-4.178814021344229,0.020752
2025-08-14T14:06:03.708476,-0.078125,0.019531,1.007812,0,1.106910640781439,-4.431841821849936,0.019531
2025-08-14T14:06:03.810487,-0.066406,0.023438,1.011719,0,1.3242574713760034,-3.754320619696118,0.019531
2025-08-14T14:06:03.991085,-0.070312,0.019531,1.019531,0,1.0948722985581978,-3.94443780441863,0.019531
2025-08-14T14:06:04.091779,-0.074219,0.015625,1.007812,0,0.885837445081153,-4.211365416252368,0.019531
2025-08-14T14:06:04.151331,-0.070312,0.019531,1.015625,0,1.0990620033875442,-3.959554007490287,0.019531
2025-08-14T14:06:04.235505,-0.074219,0.019531,1.023438,0,1.0904208355486065,-4.147035994474838,0.019531
2025-08-14T14:06:04.333348,-0.074219,0.015625,1.015625,0,0.8790602804446449,-4.179091116786744,0.019531
2025-08-14T14:06:04.434111,-0.078125,0.023438,1.007812,0,1.3282653906120647,-4.4314771992945285,0.019531
2025-08-14T14:06:04.538451,-0.074219,0.019531,1.011719,0,1.1029811491242274,-4.1948839424456885,0.019531
2025-08-14T14:06:04.634475,-0.074219,0.019531,1.019531,0,1.0945765010030104,-4.162866514422745,0.020752
2025-08-14T14:06:04.745272,-0.070312,0.019531,1.015625,0,1.0990620033875442,-3.959554007490287,0.019531
2025-08-14T14:06:04.838217,-0.074219,0.019531,1.011719,0,1.1029811491242274,-4.1948839424456885,0.019531
2025-08-14T14:06:04.939231,-0.074219,0.023438,1.015625,0,1.318489239368982,-4.178475332923178,0.019531
2025-08-14T14:06:05.041942,-0.074219,0.019531,1.015625,0,1.0987627980003676,-4.178814021344229,0.019531
2025-08-14T14:06:05.141740,-0.070312,0.019531,1.015625,0,1.0990620033875442,-3.959554007490287,0.019531
2025-08-14T14:06:05.242549,-0.078125,0.019531,1.011719,0,1.1026624730935723,-4.414801336352567,0.019531
2025-08-14T14:06:05.344850,-0.070312,0.019531,1.015625,0,1.0990620033875442,-3.959554007490287,0.019531
2025-08-14T14:06:05.442698,-0.082031,0.019531,1.019531,0,1.093937919667331,-4.599242602827507,0.019531
2025-08-14T14:06:05.543953,-0.074219,0.015625,1.019531,0,0.8757107582865988,-4.163140449323331,0.019531
2025-08-14T14:06:05.644369,-0.074219,0.019531,1.011719,0,1.1029811491242274,-4.1948839424456885,0.019531
2025-08-14T14:06:05.750502,-0.078125,0.023438,1.015625,0,1.3181112459668023,-4.397539113053031,0.020752
2025-08-14T14:06:05.849293,-0.066406,0.023438,1.023438,0,1.309163126091926,-3.711474771254788,0.019531
2025-08-14T14:06:05.953508,-0.082031,0.019531,1.011719,0,1.1023277534230551,-4.634588468695245,0.019531
2025-08-14T14:06:06.049914,-0.074219,0.019531,1.015625,0,1.0987627980003676,-4.178814021344229,0.019531
2025-08-14T14:06:06.152102,-0.074219,0.019531,1.011719,0,1.1029811491242274,-4.1948839424456885,0.019531
2025-08-14T14:06:06.255375,-0.070312,0.019531,1.011719,0,1.1032838148222464,-3.974786307045472,0.019531
2025-08-14T14:06:06.353699,-0.074219,0.019531,1.011719,0,1.1029811491242274,-4.1948839424456885,0.019531
2025-08-14T14:06:06.455134,-0.078125,0.023438,1.015625,0,1.3181112459668023,-4.397539113053031,0.019531
2025-08-14T14:06:06.553761,-0.070312,0.019531,1.011719,0,1.1032838148222464,-3.974786307045472,0.019531
2025-08-14T14:06:06.668858,-0.078125,0.023438,1.011719,0,1.3231682493190118,-4.41444090325224,0.019531
2025-08-14T14:06:06.758540,-0.074219,0.023438,1.015625,0,1.318489239368982,-4.178475332923178,0.019531
2025-08-14T14:06:06.858053,-0.074219,0.023438,1.015625,0,1.318489239368982,-4.178475332923178,0.019531
2025-08-14T14:06:06.959684,-0.074219,0.023438,1.015625,0,1.318489239368982,-4.178475332923178,0.019531
2025-08-14T14:06:07.060121,-0.078125,0.023438,1.019531,0,1.313092630217117,-4.380765969109868,0.020752
2025-08-14T14:06:07.159001,-0.070312,0.019531,1.015625,0,1.0990620033875442,-3.959554007490287,0.019531
2025-08-14T14:06:07.262517,-0.078125,0.015625,1.011719,0,0.8821804749424016,-4.415096222521653,0.019531
2025-08-14T14:06:07.362898,-0.074219,0.015625,1.019531,0,0.8757107582865988,-4.163140449323331,0.019531
2025-08-14T14:06:07.466329,-0.074219,0.023438,1.011719,0,1.3235506112733313,-4.194541331940415,0.019531
2025-08-14T14:06:07.564611,-0.074219,0.019531,1.011719,0,1.1029811491242274,-4.1948839424456885,0.019531
2025-08-14T14:06:07.665187,-0.078125,0.015625,1.007812,0,0.8855795074738829,-4.432140136110196,0.019531
2025-08-14T14:06:07.767983,-0.070312,0.015625,1.011719,0,0.882677621000814,-3.975052001874419,0.019531
2025-08-14T14:06:07.867367,-0.074219,0.023438,1.023438,0,1.3084801502418777,-4.146704973579097,0.019531
2025-08-14T14:06:07.970360,-0.078125,0.015625,1.015625,0,0.8788082160947002,-4.398186932818698,0.019531
2025-08-14T14:06:08.072227,-0.074219,0.027344,1.023438,0,1.5264457623316274,-4.146313965833268,0.019531
2025-08-14T14:06:08.171401,-0.074219,0.019531,1.011719,0,1.1029811491242274,-4.1948839424456885,0.019531
2025-08-14T14:06:08.272072,-0.074219,0.015625,1.015625,0,0.8790602804446449,-4.179091116786744,0.019531
2025-08-14T14:06:08.374193,-0.078125,0.019531,1.019531,0,1.0942650524290611,-4.381118215754438,0.019531
2025-08-14T14:06:08.477531,-0.074219,0.019531,1.023438,0,1.0904208355486065,-4.147035994474838,0.019531
2025-08-14T14:06:08.577577,-0.078125,0.019531,1.007812,0,1.106910640781439,-4.431841821849936,0.019531
2025-08-14T14:06:08.678245,-0.078125,0.023438,1.003906,0,1.333400508169028,-4.448640785750855,0.019531
2025-08-14T14:06:08.778819,-0.078125,0.019531,1.015625,0,1.0984477632909195,-4.397895421613334,0.019531
2025-08-14T14:06:08.879335,-0.074219,0.019531,1.011719,0,1.1029811491242274,-4.1948839424456885,0.019531
2025-08-14T14:06:08.980815,-0.078125,0.019531,1.015625,0,1.0984477632909195,-4.397895421613334,0.019531
2025-08-14T14:06:09.080993,-0.074219,0.019531,1.015625,0,1.0987627980003676,-4.178814021344229,0.019531
2025-08-14T14:06:09.184036,-0.074219,0.019531,1.015625,0,1.0987627980003676,-4.178814021344229,0.019531
2025-08-14T14:06:09.285195,-0.078125,0.019531,1.007812,0,1.106910640781439,-4.431841821849936,0.019531
2025-08-14T14:06:09.388879,-0.074219,0.019531,1.019531,0,1.0945765010030104,-4.162866514422745,0.019531
2025-08-14T14:06:09.485189,-0.074219,0.023438,1.019531,0,1.3134663212654785,-4.1625316885074,0.019531
2025-08-14T14:06:09.583665,-0.074219,0.019531,1.019531,0,1.0945765010030104,-4.162866514422745,0.019531
2025-08-14T14:06:09.686677,-0.078125,0.023438,1.019531,0,1.313092630217117,-4.380765969109868,0.019531
2025-08-14T14:06:09.787786,-0.078125,0.023438,1.015625,0,1.3181112459668023,-4.397539113053031,0.019531
2025-08-14T14:06:09.888773,-0.070312,0.019531,1.015625,0,1.0990620033875442,-3.959554007490287,0.019531
2025-08-14T14:06:09.991927,-0.066406,0.023438,1.011719,0,1.3242574713760034,-3.754320619696118,0.019531
2025-08-14T14:06:10.092368,-0.074219,0.019531,1.007812,0,1.1072330153369714,-4.211081851662468,0.019531
2025-08-14T14:06:10.200975,-0.074219,0.019531,1.015625,0,1.0987627980003676,-4.178814021344229,0.019531
2025-08-14T14:06:10.293015,-0.078125,0.015625,1.011719,0,0.8821804749424016,-4.415096222521653,0.019531
2025-08-14T14:06:10.396925,-0.078125,0.019531,1.011719,0,1.1026624730935723,-4.414801336352567,0.019531
2025-08-14T14:06:10.502222,-0.074219,0.015625,1.015625,0,0.8790602804446449,-4.179091116786744,0.019531
2025-08-14T14:06:10.598592,-0.074219,0.019531,1.011719,0,1.1029811491242274,-4.1948839424456885,0.019531
2025-08-14T14:06:10.703709,-0.078125,0.015625,1.011719,0,0.8821804749424016,-4.415096222521653,0.019531
2025-08-14T14:06:10.810269,-0.074219,0.019531,1.015625,0,1.0987627980003676,-4.178814021344229,0.019531
2025-08-14T14:06:10.902243,-0.074219,0.019531,1.019531,0,1.0945765010030104,-4.162866514422745,0.019531
2025-08-14T14:06:11.006461,-0.070312,0.015625,1.011719,0,0.882677621000814,-3.975052001874419,0.019531
2025-08-14T14:06:11.105267,-0.078125,0.015625,1.019531,0,0.8754615635122167,-4.381406403248674,0.019531
2025-08-14T14:06:11.208171,-0.074219,0.019531,1.019531,0,1.0945765010030104,-4.162866514422745,0.019531
2025-08-14T14:06:11.306003,-0.074219,0.019531,1.003906,0,1.111516594346942,-4.227400891418085,0.019531
2025-08-14T14:06:11.406974,-0.078125,0.019531,1.015625,0,1.0984477632909195,-4.397895421613334,0.019531
2025-08-14T14:06:11.540099,-0.074219,0.011719,1.007812,0,0.6644154165847265,-4.211586009682766,0.019531
2025-08-14T14:06:11.610085,-0.078125,0.023438,1.011719,0,1.3231682493190118,-4.41444090325224,0.019531
2025-08-14T14:06:11.711099,-0.074219,0.019531,1.019531,0,1.0945765010030104,-4.162866514422745,0.019531
2025-08-14T14:06:11.812106,-0.078125,0.027344,1.019531,0,1.531825906799102,-4.3803498899232,0.019531
2025-08-14T14:06:11.914041,-0.074219,0.015625,1.015625,0,0.8790602804446449,-4.179091116786744,0.019531
2025-08-14T14:06:12.015692,-0.074219,0.015625,1.015625,0,0.8790602804446449,-4.179091116786744,0.019531
2025-08-14T14:06:12.115868,-0.074219,0.015625,1.011719,0,0.8824354530316566,-4.195164247190032,0.019531
2025-08-14T14:06:12.215853,-0.074219,0.019531,1.011719,0,1.1029811491242274,-4.1948839424456885,0.019531
2025-08-14T14:06:12.346544,-0.074219,0.019531,1.019531,0,1.0945765010030104,-4.162866514422745,0.019531
2025-08-14T14:06:12.416541,-0.078125,0.019531,1.015625,0,1.0984477632909195,-4.397895421613334,0.019531
2025-08-14T14:06:12.516952,-0.074219,0.015625,1.03125,0,0.8658123759462603,-4.116005435691556,0.019531
2025-08-14T14:06:12.618952,-0.074219,0.015625,1.011719,0,0.8824354530316566,-4.195164247190032,0.019531
2025-08-14T14:06:12.720709,-0.070312,0.019531,1.011719,0,1.1032838148222464,-3.974786307045472,0.019531
2025-08-14T14:06:12.820849,-0.078125,0.019531,1.007812,0,1.106910640781439,-4.431841821849936,0.019531
2025-08-14T14:06:12.922436,-0.074219,0.015625,1.011719,0,0.8824354530316566,-4.195164247190032,0.019531
2025-08-14T14:06:13.022069,-0.074219,0.015625,1.011719,0,0.8824354530316566,-4.195164247190032,0.019531
2025-08-14T14:06:13.121825,-0.078125,0.015625,1.011719,0,0.8821804749424016,-4.415096222521653,0.019531
2025-08-14T14:06:13.225398,-0.074219,0.023438,1.019531,0,1.3134663212654785,-4.1625316885074,0.019531
2025-08-14T14:06:13.324765,-0.082031,0.019531,1.015625,0,1.098116866018644,-4.61684804518945,0.019531
2025-08-14T14:06:13.425421,-0.082031,0.015625,1.015625,0,0.8785434598731011,-4.617153946649332,0.019531
2025-08-14T14:06:13.526364,-0.078125,0.015625,1.03125,0,0.8655715338436168,-4.331818680176029,0.019531
2025-08-14T14:06:13.673475,-0.074219,0.023438,1.007812,0,1.3286521897374437,-4.2107352573149095,0.019531
2025-08-14T14:06:13.731475,-0.070312,0.019531,1.015625,0,1.0990620033875442,-3.959554007490287,0.019531
2025-08-14T14:06:13.831587,-0.078125,0.019531,1.019531,0,1.0942650524290611,-4.381118215754438,0.019531
2025-08-14T14:06:13.929262,-0.074219,0.019531,1.015625,0,1.0987627980003676,-4.178814021344229,0.019531
2025-08-14T14:06:14.030316,-0.078125,0.019531,1.015625,0,1.0984477632909195,-4.397895421613334,0.019531
2025-08-14T14:06:14.131316,-0.078125,0.015625,1.011719,0,0.8821804749424016,-4.415096222521653,0.019531
2025-08-14T14:06:14.232316,-0.078125,0.023438,1.019531,0,1.313092630217117,-4.380765969109868,0.019531
2025-08-14T14:06:14.332270,-0.074219,0.015625,1.015625,0,0.8790602804446449,-4.179091116786744,0.019531
2025-08-14T14:06:14.433282,-0.082031,0.019531,1.011719,0,1.1023277534230551,-4.634588468695245,0.019531
2025-08-14T14:06:14.534282,-0.074219,0.015625,1.015625,0,0.8790602804446449,-4.179091116786744,0.019531
2025-08-14T14:06:14.659282,-0.074219,0.019531,1.007812,0,1.1072330153369714,-4.211081851662468,0.019531
2025-08-14T14:06:14.740144,-0.078125,0.019531,1.007812,0,1.106910640781439,-4.431841821849936,0.019531
2025-08-14T14:06:14.840129,-0.074219,0.019531,1.011719,0,1.1029811491242274,-4.1948839424456885,0.019531
2025-08-14T14:06:14.939867,-0.074219,0.019531,1.003906,0,1.111516594346942,-4.227400891418085,0.019531
2025-08-14T14:06:15.037523,-0.074219,0.023438,1.007812,0,1.3286521897374437,-4.2107352573149095,0.019531
2025-08-14T14:06:15.139216,-0.074219,0.023438,1.011719,0,1.3235506112733313,-4.194541331940415,0.019531
2025-08-14T14:06:15.243004,-0.078125,0.027344,1.003906,0,1.555513580935124,-4.448205067268794,0.019531
2025-08-14T14:06:15.350471,-0.074219,0.019531,1.015625,0,1.0987627980003676,-4.178814021344229,0.019531
2025-08-14T14:06:15.445996,-0.074219,0.023438,1.011719,0,1.3235506112733313,-4.194541331940415,0.019531
2025-08-14T14:06:15.545020,-0.078125,0.015625,1.007812,0,0.8855795074738829,-4.432140136110196,0.019531
2025-08-14T14:06:15.647400,-0.078125,0.023438,1.015625,0,1.3181112459668023,-4.397539113053031,0.019531
2025-08-14T14:06:15.751938,-0.078125,0.019531,1.015625,0,1.0984477632909195,-4.397895421613334,0.019531
2025-08-14T14:06:15.848903,-0.070312,0.023438,1.007812,0,1.3290195583790962,-3.989811457540183,0.019531
2025-08-14T14:06:15.951958,-0.074219,0.023438,1.015625,0,1.318489239368982,-4.178475332923178,0.019531
2025-08-14T14:06:16.052391,-0.078125,0.019531,1.015625,0,1.0984477632909195,-4.397895421613334,0.019531
2025-08-14T14:06:16.152778,-0.074219,0.019531,1.027344,0,1.0862975713345,-4.1313291950822295,0.019531
2025-08-14T14:06:16.254034,-0.078125,0.019531,1.015625,0,1.0984477632909195,-4.397895421613334,0.019531
2025-08-14T14:06:16.355037,-0.078125,0.015625,1.015625,0,0.8788082160947002,-4.398186932818698,0.019531
2025-08-14T14:06:16.455034,-0.074219,0.015625,1.015625,0,0.8790602804446449,-4.179091116786744,0.019531
2025-08-14T14:06:16.557599,-0.074219,0.023438,1.007812,0,1.3286521897374437,-4.2107352573149095,0.019531
2025-08-14T14:06:16.671613,-0.074219,0.019531,1.011719,0,1.1029811491242274,-4.1948839424456885,0.019531
2025-08-14T14:06:16.764903,-0.082031,0.019531,1.015625,0,1.098116866018644,-4.61684804518945,0.019531
2025-08-14T14:06:16.862679,-0.074219,0.015625,1.007812,0,0.885837445081153,-4.211365416252368,0.019531
2025-08-14T14:06:16.966545,-0.074219,0.019531,1.011719,0,1.1029811491242274,-4.1948839424456885,0.019531
2025-08-14T14:06:17.064217,-0.074219,0.015625,1.015625,0,0.8790602804446449,-4.179091116786744,0.019531
2025-08-14T14:06:17.165394,-0.074219,0.019531,1.015625,0,1.0987627980003676,-4.178814021344229,0.019531
2025-08-14T14:06:17.265496,-0.074219,0.023438,1.019531,0,1.3134663212654785,-4.1625316885074,0.019531
2025-08-14T14:06:17.365770,-0.074219,0.019531,1.011719,0,1.1029811491242274,-4.1948839424456885,0.019531
2025-08-14T14:06:17.466250,-0.078125,0.019531,1.011719,0,1.1026624730935723,-4.414801336352567,0.019531
2025-08-14T14:06:17.570740,-0.078125,0.015625,1.011719,0,0.8821804749424016,-4.415096222521653,0.019531
2025-08-14T14:06:17.673743,-0.074219,0.019531,1.007812,0,1.1072330153369714,-4.211081851662468,0.019531
2025-08-14T14:06:17.774754,-0.078125,0.023438,1.019531,0,1.313092630217117,-4.380765969109868,0.019531
2025-08-14T14:06:17.871757,-0.074219,0.023438,1.015625,0,1.318489239368982,-4.178475332923178,0.019531
2025-08-14T14:06:17.972076,-0.078125,0.019531,1.015625,0,1.0984477632909195,-4.397895421613334,0.019531
2025-08-14T14:06:18.073369,-0.074219,0.011719,1.011719,0,0.661863602311014,-4.195382304387747,0.019531
2025-08-14T14:06:18.175368,-0.078125,0.019531,1.019531,0,1.0942650524290611,-4.381118215754438,0.019531
2025-08-14T14:06:18.275156,-0.070312,0.023438,1.003906,0,1.3341634617425504,-4.005276186563045,0.019531
2025-08-14T14:06:18.374784,-0.078125,0.015625,1.015625,0,0.8788082160947002,-4.398186932818698,0.019531
2025-08-14T14:06:18.476724,-0.074219,0.023438,1.003906,0,1.3337918121190138,-4.227050252330461,0.019531
2025-08-14T14:06:18.576004,-0.078125,0.019531,1.011719,0,1.1026624730935723,-4.414801336352567,0.019531
2025-08-14T14:06:18.677918,-0.074219,0.019531,1.003906,0,1.111516594346942,-4.227400891418085,0.019531
2025-08-14T14:06:18.787737,-0.074219,0.023438,1.007812,0,1.3286521897374437,-4.2107352573149095,0.019531
2025-08-14T14:06:18.888173,-0.078125,0.015625,1.019531,0,0.8754615635122167,-4.381406403248674,0.019531
2025-08-14T14:06:18.978772,-0.074219,0.019531,1.015625,0,1.0987627980003676,-4.178814021344229,0.019531
2025-08-14T14:06:19.079706,-0.074219,0.015625,1.019531,0,0.8757107582865988,-4.163140449323331,0.019531
2025-08-14T14:06:19.181420,-0.070312,0.019531,1.019531,0,1.0948722985581978,-3.94443780441863,0.019531
2025-08-14T14:06:19.284399,-0.070312,0.023438,1.015625,0,1.318848239976308,-3.9592329734027016,0.019531
2025-08-14T14:06:19.383164,-0.078125,0.023438,1.015625,0,1.3181112459668023,-4.397539113053031,0.019531
2025-08-14T14:06:19.485123,-0.074219,0.019531,1.007812,0,1.1072330153369714,-4.211081851662468,0.019531
2025-08-14T14:06:19.585654,-0.070312,0.015625,1.015625,0,0.8792996795163592,-3.9598166591906674,0.019531
2025-08-14T14:06:19.686944,-0.074219,0.019531,1.019531,0,1.0945765010030104,-4.162866514422745,0.019531
2025-08-14T14:06:19.791538,-0.078125,0.023438,1.011719,0,1.3231682493190118,-4.41444090325224,0.019531
2025-08-14T14:06:19.890555,-0.070312,0.019531,1.023438,0,1.090713275908077,-3.929432551882644,0.019531
2025-08-14T14:06:19.990680,-0.070312,0.019531,1.011719,0,1.1032838148222464,-3.974786307045472,0.019531
2025-08-14T14:06:20.090263,-0.074219,0.019531,1.019531,0,1.0945765010030104,-4.162866514422745,0.019531
2025-08-14T14:06:20.191850,-0.074219,0.019531,1.011719,0,1.1029811491242274,-4.1948839424456885,0.019531
2025-08-14T14:06:20.293850,-0.078125,0.019531,1.019531,0,1.0942650524290611,-4.381118215754438,0.019531
2025-08-14T14:06:20.392520,-0.074219,0.019531,1.011719,0,1.1029811491242274,-4.1948839424456885,0.019531
2025-08-14T14:06:20.496177,-0.070312,0.015625,1.015625,0,0.8792996795163592,-3.9598166591906674,0.019531
2025-08-14T14:06:20.595852,-0.074219,0.019531,1.011719,0,1.1029811491242274,-4.1948839424456885,0.019531
2025-08-14T14:06:20.696111,-0.074219,0.015625,1.011719,0,0.8824354530316566,-4.195164247190032,0.019531
2025-08-14T14:06:20.797224,-0.070312,0.023438,1.007812,0,1.3290195583790962,-3.989811457540183,0.019531
2025-08-14T14:06:20.898354,-0.074219,0.023438,1.015625,0,1.318489239368982,-4.178475332923178,0.019531
2025-08-14T14:06:20.999186,-0.078125,0.015625,1.023438,0,0.8721393804253038,-4.364748924369022,0.019531
2025-08-14T14:06:21.101364,-0.078125,0.027344,1.007812,0,1.5495238501115187,-4.431046504128967,0.019531
2025-08-14T14:06:21.202485,-0.070312,0.019531,1.007812,0,1.1075391957439158,-3.990139988221692,0.019531
2025-08-14T14:06:21.303485,-0.078125,0.019531,1.011719,0,1.1026624730935723,-4.414801336352567,0.019531
2025-08-14T14:06:21.404736,-0.070312,0.019531,1.007812,0,1.1075391957439158,-3.990139988221692,0.019531
2025-08-14T14:06:21.507811,-0.074219,0.027344,1.019531,0,1.5322617917008603,-4.162136186995037,0.019531
2025-08-14T14:06:21.607810,-0.074219,0.019531,1.011719,0,1.1029811491242274,-4.1948839424456885,0.019531
2025-08-14T14:06:21.707825,-0.078125,0.015625,1.019531,0,0.8754615635122167,-4.381406403248674,0.019531
2025-08-14T14:06:21.806824,-0.074219,0.011719,1.003906,0,0.6669862684536116,-4.227910934139552,0.019531
2025-08-14T14:06:21.910203,-0.074219,0.019531,1.019531,0,1.0945765010030104,-4.162866514422745,0.019531
2025-08-14T14:06:22.009418,-0.074219,0.015625,1.007812,0,0.885837445081153,-4.211365416252368,0.019531
2025-08-14T14:06:22.111025,-0.074219,0.019531,1.023438,0,1.0904208355486065,-4.147035994474838,0.019531
2025-08-14T14:06:22.213037,-0.078125,0.019531,1.019531,0,1.0942650524290611,-4.381118215754438,0.019531
2025-08-14T14:06:22.316036,-0.078125,0.019531,1.023438,0,1.0901129198618515,-4.36446401113324,0.019531
2025-08-14T14:06:22.417446,-0.074219,0.015625,1.003906,0,0.8892648146423924,-4.227687765693737,0.019531
2025-08-14T14:06:22.517139,-0.074219,0.015625,1.015625,0,0.8790602804446449,-4.179091116786744,0.019531
2025-08-14T14:06:22.617285,-0.078125,0.019531,1.015625,0,1.0984477632909195,-4.397895421613334,0.019531
2025-08-14T14:06:22.720413,-0.074219,0.015625,1.015625,0,0.8790602804446449,-4.179091116786744,0.019531
2025-08-14T14:06:22.819506,-0.070312,0.019531,1.011719,0,1.1032838148222464,-3.974786307045472,0.019531
2025-08-14T14:06:22.921089,-0.066406,0.015625,1.015625,0,0.8795262593266958,-3.740482129009342,0.019531
2025-08-14T14:06:23.020333,-0.070312,0.019531,1.007812,0,1.1075391957439158,-3.990139988221692,0.019531
2025-08-14T14:06:23.122221,-0.074219,0.015625,1.015625,0,0.8790602804446449,-4.179091116786744,0.019531
2025-08-14T14:06:23.221236,-0.074219,0.019531,1.019531,0,1.0945765010030104,-4.162866514422745,0.019531
2025-08-14T14:06:23.321856,-0.074219,0.023438,1.019531,0,1.3134663212654785,-4.1625316885074,0.019531
2025-08-14T14:06:23.428691,-0.074219,0.019531,1.007812,0,1.1072330153369714,-4.211081851662468,0.019531
2025-08-14T14:06:23.531101,-0.070312,0.019531,1.015625,0,1.0990620033875442,-3.959554007490287,0.019531
2025-08-14T14:06:23.625101,-0.074219,0.011719,1.011719,0,0.661863602311014,-4.195382304387747,0.019531
2025-08-14T14:06:23.726752,-0.070312,0.019531,1.011719,0,1.1032838148222464,-3.974786307045472,0.019531
2025-08-14T14:06:23.832273,-0.082031,0.019531,1.015625,0,1.098116866018644,-4.61684804518945,0.019531
2025-08-14T14:06:23.927898,-0.078125,0.015625,1.015625,0,0.8788082160947002,-4.398186932818698,0.019531
2025-08-14T14:06:24.028635,-0.078125,0.023438,1.019531,0,1.313092630217117,-4.380765969109868,0.019531
2025-08-14T14:06:24.133316,-0.078125,0.015625,1.011719,0,0.8821804749424016,-4.415096222521653,0.019531
2025-08-14T14:06:24.242714,-0.074219,0.015625,1.019531,0,0.8757107582865988,-4.163140449323331,0.019531
2025-08-14T14:06:24.331661,-0.074219,0.015625,1.015625,0,0.8790602804446449,-4.179091116786744,0.019531
2025-08-14T14:06:24.429750,-0.070312,0.023438,1.015625,0,1.318848239976308,-3.9592329734027016,0.019531
2025-08-14T14:06:24.531289,-0.074219,0.019531,1.015625,0,1.0987627980003676,-4.178814021344229,0.019531
2025-08-14T14:06:24.633761,-0.070312,0.019531,1.011719,0,1.1032838148222464,-3.974786307045472,0.019531
2025-08-14T14:06:24.739469,-0.074219,0.015625,1.015625,0,0.8790602804446449,-4.179091116786744,0.019531
2025-08-14T14:06:24.833889,-0.078125,0.015625,1.011719,0,0.8821804749424016,-4.415096222521653,0.019531
2025-08-14T14:06:24.934544,-0.078125,0.023438,1.015625,0,1.3181112459668023,-4.397539113053031,0.019531
2025-08-14T14:06:25.037214,-0.074219,0.023438,1.019531,0,1.3134663212654785,-4.1625316885074,0.019531
2025-08-14T14:06:25.138679,-0.074219,0.019531,1.015625,0,1.0987627980003676,-4.178814021344229,0.019531
2025-08-14T14:06:25.238249,-0.078125,0.015625,1.011719,0,0.8821804749424016,-4.415096222521653,0.020752
2025-08-14T14:06:25.339805,-0.074219,0.019531,1.015625,0,1.0987627980003676,-4.178814021344229,0.019531
2025-08-14T14:06:25.457197,-0.074219,0.015625,1.015625,0,0.8790602804446449,-4.179091116786744,0.019531
2025-08-14T14:06:25.543323,-0.078125,0.019531,1.015625,0,1.0984477632909195,-4.397895421613334,0.019531
2025-08-14T14:06:25.642974,-0.078125,0.019531,1.023438,0,1.0901129198618515,-4.36446401113324,0.019531
2025-08-14T14:06:25.748501,-0.074219,0.019531,1.015625,0,1.0987627980003676,-4.178814021344229,0.019531
2025-08-14T14:06:25.896407,-0.078125,0.015625,1.011719,0,0.8821804749424016,-4.415096222521653,0.019531
2025-08-14T14:06:25.987869,-0.074219,0.023438,1.019531,0,1.3134663212654785,-4.1625316885074,0.019531
2025-08-14T14:06:26.090346,-0.074219,0.023438,1.011719,0,1.3235506112733313,-4.194541331940415,0.019531
2025-08-14T14:06:26.188688,-0.074219,0.019531,1.023438,0,1.0904208355486065,-4.147035994474838,0.019531
2025-08-14T14:06:26.292090,-0.078125,0.019531,1.019531,0,1.0942650524290611,-4.381118215754438,0.019531
2025-08-14T14:06:26.393893,-0.074219,0.019531,1.011719,0,1.1029811491242274,-4.1948839424456885,0.020752
2025-08-14T14:06:26.500887,-0.078125,0.015625,1.023438,0,0.8721393804253038,-4.364748924369022,0.019531
2025-08-14T14:06:26.593380,-0.074219,0.019531,1.023438,0,1.0904208355486065,-4.147035994474838,0.019531
2025-08-14T14:06:26.695267,-0.074219,0.011719,1.011719,0,0.661863602311014,-4.195382304387747,0.019531
2025-08-14T14:06:26.800259,-0.078125,0.019531,1.019531,0,1.0942650524290611,-4.381118215754438,0.019531
2025-08-14T14:06:26.900274,-0.074219,0.015625,1.015625,0,0.8790602804446449,-4.179091116786744,0.019531
2025-08-14T14:06:27.000274,-0.078125,0.015625,1.015625,0,0.8788082160947002,-4.398186932818698,0.019531
2025-08-14T14:06:27.102799,-0.078125,0.019531,1.011719,0,1.1026624730935723,-4.414801336352567,0.019531
2025-08-14T14:06:27.217443,-0.078125,0.015625,1.011719,0,0.8821804749424016,-4.415096222521653,0.019531
2025-08-14T14:06:27.298444,-0.070312,0.019531,1.007812,0,1.1075391957439158,-3.990139988221692,0.019531
2025-08-14T14:06:27.399833,-0.074219,0.023438,1.015625,0,1.318489239368982,-4.178475332923178,0.019531
2025-08-14T14:06:27.499911,-0.074219,0.019531,1.015625,0,1.0987627980003676,-4.178814021344229,0.019531
2025-08-14T14:06:27.601470,-0.074219,0.015625,1.011719,0,0.8824354530316566,-4.195164247190032,0.019531
2025-08-14T14:06:27.701493,-0.074219,0.019531,1.015625,0,1.0987627980003676,-4.178814021344229,0.019531
2025-08-14T14:06:27.806517,-0.074219,0.015625,1.007812,0,0.885837445081153,-4.211365416252368,0.019531
2025-08-14T14:06:27.906461,-0.078125,0.019531,1.015625,0,1.0984477632909195,-4.397895421613334,0.019531
2025-08-14T14:06:28.010306,-0.074219,0.019531,1.011719,0,1.1029811491242274,-4.1948839424456885,0.019531
2025-08-14T14:06:28.108655,-0.074219,0.019531,1.011719,0,1.1029811491242274,-4.1948839424456885,0.019531
2025-08-14T14:06:28.208798,-0.074219,0.019531,1.007812,0,1.1072330153369714,-4.211081851662468,0.019531
2025-08-14T14:06:28.309444,-0.074219,0.019531,1.023438,0,1.0904208355486065,-4.147035994474838,0.019531
2025-08-14T14:06:28.411922,-0.074219,0.023438,1.007812,0,1.3286521897374437,-4.2107352573149095,0.019531
2025-08-14T14:06:28.511320,-0.070312,0.019531,1.019531,0,1.0948722985581978,-3.94443780441863,0.019531
2025-08-14T14:06:28.613041,-0.078125,0.019531,1.011719,0,1.1026624730935723,-4.414801336352567,0.019531
2025-08-14T14:06:28.715233,-0.078125,0.015625,1.019531,0,0.8754615635122167,-4.381406403248674,0.019531
2025-08-14T14:06:28.815979,-0.074219,0.019531,1.015625,0,1.0987627980003676,-4.178814021344229,0.019531
2025-08-14T14:06:28.916873,-0.074219,0.023438,1.007812,0,1.3286521897374437,-4.2107352573149095,0.019531
2025-08-14T14:06:29.017745,-0.074219,0.019531,1.023438,0,1.0904208355486065,-4.147035994474838,0.019531
2025-08-14T14:06:29.119164,-0.078125,0.027344,1.015625,0,1.5376797729108764,-4.397118236718166,0.019531
2025-08-14T14:06:29.219176,-0.074219,0.019531,1.015625,0,1.0987627980003676,-4.178814021344229,0.019531
2025-08-14T14:06:29.321186,-0.074219,0.019531,1.011719,0,1.1029811491242274,-4.1948839424456885,0.019531
2025-08-14T14:06:29.423177,-0.074219,0.015625,1.011719,0,0.8824354530316566,-4.195164247190032,0.019531
2025-08-14T14:06:29.526174,-0.074219,0.023438,1.019531,0,1.3134663212654785,-4.1625316885074,0.019531
2025-08-14T14:06:29.621163,-0.070312,0.015625,1.011719,0,0.882677621000814,-3.975052001874419,0.019531
2025-08-14T14:06:29.722177,-0.074219,0.019531,1.015625,0,1.0987627980003676,-4.178814021344229,0.019531
2025-08-14T14:06:29.828239,-0.074219,0.019531,1.011719,0,1.1029811491242274,-4.1948839424456885,0.019531
2025-08-14T14:06:29.924765,-0.082031,0.015625,1.015625,0,0.8785434598731011,-4.617153946649332,0.019531
2025-08-14T14:06:30.025307,-0.078125,0.015625,1.007812,0,0.8855795074738829,-4.432140136110196,0.019531
2025-08-14T14:06:30.124593,-0.070312,0.019531,1.007812,0,1.1075391957439158,-3.990139988221692,0.019531
2025-08-14T14:06:30.225937,-0.078125,0.023438,1.011719,0,1.3231682493190118,-4.41444090325224,0.019531
2025-08-14T14:06:30.326468,-0.074219,0.019531,1.023438,0,1.0904208355486065,-4.147035994474838,0.019531
2025-08-14T14:06:30.427410,-0.070312,0.019531,1.023438,0,1.090713275908077,-3.929432551882644,0.019531
2025-08-14T14:06:30.529272,-0.074219,0.023438,1.019531,0,1.3134663212654785,-4.1625316885074,0.019531
2025-08-14T14:06:30.629016,-0.078125,0.011719,1.007812,0,0.6642219390273632,-4.4323722037370175,0.019531
2025-08-14T14:06:30.729800,-0.078125,0.019531,1.011719,0,1.1026624730935723,-4.414801336352567,0.019531
2025-08-14T14:06:30.832777,-0.078125,0.015625,1.015625,0,0.8788082160947002,-4.398186932818698,0.019531
2025-08-14T14:06:30.933267,-0.074219,0.015625,1.019531,0,0.8757107582865988,-4.163140449323331,0.019531
2025-08-14T14:06:31.032794,-0.070312,0.015625,1.011719,0,0.882677621000814,-3.975052001874419,0.019531
2025-08-14T14:06:31.134336,-0.078125,0.019531,1.023438,0,1.0901129198618515,-4.36446401113324,0.019531
2025-08-14T14:06:31.242109,-0.070312,0.015625,1.015625,0,0.8792996795163592,-3.9598166591906674,0.019531
2025-08-14T14:06:31.335044,-0.074219,0.019531,1.015625,0,1.0987627980003676,-4.178814021344229,0.019531
2025-08-14T14:06:31.455721,-0.078125,0.015625,1.015625,0,0.8788082160947002,-4.398186932818698,0.019531
2025-08-14T14:06:31.538737,-0.074219,0.015625,1.019531,0,0.8757107582865988,-4.163140449323331,0.019531
2025-08-14T14:06:31.637141,-0.070312,0.023438,1.019531,0,1.3138212334336523,-3.9441204328156063,0.019531
2025-08-14T14:06:31.741992,-0.074219,0.019531,1.015625,0,1.0987627980003676,-4.178814021344229,0.019531
2025-08-14T14:06:31.847001,-0.078125,0.015625,1.019531,0,0.8754615635122167,-4.381406403248674,0.019531
2025-08-14T14:06:31.942001,-0.078125,0.015625,1.007812,0,0.8855795074738829,-4.432140136110196,0.019531
2025-08-14T14:06:32.042633,-0.074219,0.019531,1.007812,0,1.1072330153369714,-4.211081851662468,0.019531
2025-08-14T14:06:32.147639,-0.074219,0.015625,1.019531,0,0.8757107582865988,-4.163140449323331,0.019531
2025-08-14T14:06:32.245628,-0.074219,0.023438,1.011719,0,1.3235506112733313,-4.194541331940415,0.019531
2025-08-14T14:06:32.346639,-0.074219,0.019531,1.011719,0,1.1029811491242274,-4.1948839424456885,0.019531
2025-08-14T14:06:32.447207,-0.078125,0.019531,1.019531,0,1.0942650524290611,-4.381118215754438,0.019531
2025-08-14T14:06:32.666368,-0.074219,0.019531,1.015625,0,1.0987627980003676,-4.178814021344229,0.019531
2025-08-14T14:06:32.728370,-0.078125,0.019531,1.011719,0,1.1026624730935723,-4.414801336352567,0.019531
2025-08-14T14:06:32.829357,-0.078125,0.015625,1.011719,0,0.8821804749424016,-4.415096222521653,0.019531
2025-08-14T14:06:32.930354,-0.074219,0.019531,1.019531,0,1.0945765010030104,-4.162866514422745,0.019531
2025-08-14T14:06:33.032625,-0.074219,0.019531,1.019531,0,1.0945765010030104,-4.162866514422745,0.019531
2025-08-14T14:06:33.131699,-0.074219,0.023438,1.011719,0,1.3235506112733313,-4.194541331940415,0.019531
2025-08-14T14:06:33.232745,-0.074219,0.019531,1.007812,0,1.1072330153369714,-4.211081851662468,0.019531
2025-08-14T14:06:33.335665,-0.074219,0.019531,1.019531,0,1.0945765010030104,-4.162866514422745,0.019531
2025-08-14T14:06:33.435701,-0.078125,0.015625,1.011719,0,0.8821804749424016,-4.415096222521653,0.019531
2025-08-14T14:06:33.536597,-0.078125,0.015625,1.019531,0,0.8754615635122167,-4.381406403248674,0.019531
2025-08-14T14:06:33.634611,-0.078125,0.019531,1.011719,0,1.1026624730935723,-4.414801336352567,0.019531
2025-08-14T14:06:33.736406,-0.070312,0.019531,1.011719,0,1.1032838148222464,-3.974786307045472,0.019531
2025-08-14T14:06:33.839337,-0.074219,0.019531,1.019531,0,1.0945765010030104,-4.162866514422745,0.019531
2025-08-14T14:06:33.940472,-0.070312,0.019531,1.015625,0,1.0990620033875442,-3.959554007490287,0.019531
2025-08-14T14:06:34.041105,-0.078125,0.015625,1.015625,0,0.8788082160947002,-4.398186932818698,0.019531
2025-08-14T14:06:34.141305,-0.070312,0.019531,1.015625,0,1.0990620033875442,-3.959554007490287,0.019531
2025-08-14T14:06:34.241112,-0.070312,0.019531,1.015625,0,1.0990620033875442,-3.959554007490287,0.019531
2025-08-14T14:06:34.343063,-0.074219,0.023438,1.007812,0,1.3286521897374437,-4.2107352573149095,0.019531
2025-08-14T14:06:34.444628,-0.078125,0.019531,1.015625,0,1.0984477632909195,-4.397895421613334,0.019531
2025-08-14T14:06:34.544839,-0.066406,0.015625,1.007812,0,0.8863142906072571,-3.769389784892654,0.019531
2025-08-14T14:06:34.645522,-0.074219,0.019531,1.015625,0,1.0987627980003676,-4.178814021344229,0.019531
2025-08-14T14:06:34.749155,-0.078125,0.015625,1.015625,0,0.8788082160947002,-4.398186932818698,0.019531
2025-08-14T14:06:34.845660,-0.078125,0.019531,1.015625,0,1.0984477632909195,-4.397895421613334,0.019531
2025-08-14T14:06:34.946146,-0.078125,0.015625,1.015625,0,0.8788082160947002,-4.398186932818698,0.019531
2025-08-14T14:06:35.049783,-0.074219,0.019531,1.015625,0,1.0987627980003676,-4.178814021344229,0.019531
2025-08-14T14:06:35.147874,-0.070312,0.023438,1.015625,0,1.318848239976308,-3.9592329734027016,0.019531
2025-08-14T14:06:35.251529,-0.074219,0.015625,1.015625,0,0.8790602804446449,-4.179091116786744,0.019531
2025-08-14T14:06:35.354750,-0.074219,0.019531,1.011719,0,1.1029811491242274,-4.1948839424456885,0.019531
2025-08-14T14:06:35.457224,-0.078125,0.023438,1.019531,0,1.313092630217117,-4.380765969109868,0.019531
2025-08-14T14:06:35.557243,-0.074219,0.019531,1.023438,0,1.0904208355486065,-4.147035994474838,0.019531
2025-08-14T14:06:35.658879,-0.078125,0.015625,1.011719,0,0.8821804749424016,-4.415096222521653,0.019531
2025-08-14T14:06:35.762373,-0.078125,0.019531,1.003906,0,1.1111904648672029,-4.449009661770406,0.019531
2025-08-14T14:06:35.860374,-0.074219,0.019531,1.023438,0,1.0904208355486065,-4.147035994474838,0.019531
2025-08-14T14:06:35.964545,-0.070312,0.019531,1.011719,0,1.1032838148222464,-3.974786307045472,0.019531
2025-08-14T14:06:36.065555,-0.078125,0.023438,1.003906,0,1.333400508169028,-4.448640785750855,0.019531
2025-08-14T14:06:36.164876,-0.078125,0.019531,1.015625,0,1.0984477632909195,-4.397895421613334,0.019531
2025-08-14T14:06:36.268398,-0.082031,0.019531,1.011719,0,1.1023277534230551,-4.634588468695245,0.019531
2025-08-14T14:06:36.369909,-0.078125,0.019531,1.007812,0,1.106910640781439,-4.431841821849936,0.019531
2025-08-14T14:06:36.470211,-0.074219,0.015625,1.015625,0,0.8790602804446449,-4.179091116786744,0.019531
2025-08-14T14:06:36.572480,-0.074219,0.019531,1.011719,0,1.1029811491242274,-4.1948839424456885,0.019531
2025-08-14T14:06:36.672613,-0.074219,0.015625,1.015625,0,0.8790602804446449,-4.179091116786744,0.019531
2025-08-14T14:06:36.777510,-0.074219,0.019531,1.015625,0,1.0987627980003676,-4.178814021344229,0.019531
2025-08-14T14:06:36.877255,-0.074219,0.019531,1.019531,0,1.0945765010030104,-4.162866514422745,0.019531
2025-08-14T14:06:36.976387,-0.074219,0.011719,1.015625,0,0.6593319071763242,-4.179306677081632,0.019531
2025-08-14T14:06:37.076842,-0.078125,0.015625,1.019531,0,0.8754615635122167,-4.381406403248674,0.019531
2025-08-14T14:06:37.182719,-0.078125,0.019531,1.011719,0,1.1026624730935723,-4.414801336352567,0.019531
2025-08-14T14:06:37.280573,-0.078125,0.019531,1.019531,0,1.0942650524290611,-4.381118215754438,0.019531
