id,fall,magnitude,timestamp,light,temp
1,0,1.0185205253439913,2025-08-14T14:04:49.967266,156.311019,24.384881
2,0,1.0221392748867444,2025-08-14T14:04:50.077486,156.127914,24.384881
3,0,1.0145580000901873,2025-08-14T14:04:50.177960,156.066879,24.384881
4,0,1.0185205253439913,2025-08-14T14:04:50.274784,156.066879,24.384881
5,0,1.0143473627244268,2025-08-14T14:04:50.377444,156.127914,24.384881
6,0,1.0223483068636636,2025-08-14T14:04:50.502088,156.249984,24.384881
7,0,1.0140840950128347,2025-08-14T14:04:50.579074,156.127914,24.384881
8,0,1.014851216292812,2025-08-14T14:04:50.681631,156.066879,24.384881
9,0,1.011024234590843,2025-08-14T14:05:36.891312,157.348617,24.441588
10,0,1.0224154634408655,2025-08-14T14:05:36.920314,157.348617,24.441588
11,0,1.01874520704394,2025-08-14T14:05:37.022320,157.470687,24.432136
12,0,1.0147083988841328,2025-08-14T14:05:37.122314,157.531722,24.441588
13,0,1.0224154634408655,2025-08-14T14:05:37.224592,157.531722,24.441588
14,0,1.0224154634408655,2025-08-14T14:05:37.324894,157.470687,24.441588
15,0,1.0266013420164617,2025-08-14T14:05:37.425980,157.409652,24.441588
16,0,1.0224154634408655,2025-08-14T14:05:37.526254,157.409652,24.441588
17,0,1.0148061338295111,2025-08-14T14:05:37.627806,157.409652,24.441588
18,0,1.0224975597848631,2025-08-14T14:05:37.732973,157.409652,24.441588
19,0,1.0104505255820295,2025-08-14T14:05:37.831619,157.531722,24.441588
20,0,1.014851216292812,2025-08-14T14:05:37.931449,157.531722,24.441588
21,0,1.0107299081683494,2025-08-14T14:05:38.030781,157.592757,24.441588
22,0,1.0107299081683494,2025-08-14T14:05:38.133117,157.531722,24.422684
23,0,1.0266013420164617,2025-08-14T14:05:38.231402,157.470687,24.441588
24,0,1.0180634741041443,2025-08-14T14:05:38.333795,157.470687,24.441588
25,0,1.0225945502778704,2025-08-14T14:05:38.434968,157.409652,24.441588
26,0,1.0186029356083752,2025-08-14T14:05:38.535006,157.409652,24.441588
27,0,1.0148061338295111,2025-08-14T14:05:38.637476,157.409652,24.432136
28,0,1.018453111935449,2025-08-14T14:05:38.741458,157.531722,24.441588
29,0,1.0226392893933811,2025-08-14T14:05:38.840920,157.531722,24.441588
30,0,1.0188126011249563,2025-08-14T14:05:38.938994,157.592757,24.441588
31,0,1.0191195639114186,2025-08-14T14:05:39.044294,157.531722,24.441588
32,0,1.014851216292812,2025-08-14T14:05:39.149742,157.470687,24.441588
33,0,1.0188126011249563,2025-08-14T14:05:39.242508,157.409652,24.441588
34,0,1.014851216292812,2025-08-14T14:05:39.344508,157.409652,24.441588
35,0,1.0185205253439913,2025-08-14T14:05:39.445102,157.409652,24.422684
36,0,1.015309686630636,2025-08-14T14:05:39.545115,157.470687,24.45104
37,0,1.0109110651491555,2025-08-14T14:05:39.645786,157.409652,24.441588
38,0,1.022788499852242,2025-08-14T14:05:39.751535,157.470687,24.441588
39,0,1.014851216292812,2025-08-14T14:05:39.848297,157.531722,24.432136
40,0,1.0146256722964386,2025-08-14T14:05:39.952346,157.531722,24.441588
41,0,1.0150015716391774,2025-08-14T14:05:40.062534,157.592757,24.432136
42,0,1.022788499852242,2025-08-14T14:05:40.159527,157.531722,24.441588
43,0,1.0150015716391774,2025-08-14T14:05:40.250693,157.470687,24.432136
44,0,1.0186029356083752,2025-08-14T14:05:40.351264,157.409652,24.441588
45,0,1.018453111935449,2025-08-14T14:05:40.450227,157.348617,24.432136
46,0,1.0185205253439913,2025-08-14T14:05:40.554680,157.348617,24.432136
47,0,1.0263114828189346,2025-08-14T14:05:40.653944,157.348617,24.441588
48,0,1.022706426863056,2025-08-14T14:05:40.755989,157.348617,24.441588
49,0,1.0221392748867444,2025-08-14T14:05:40.856620,157.409652,24.432136
50,0,1.0147985935874173,2025-08-14T14:05:40.956946,157.409652,24.441588
51,0,1.0262445811939764,2025-08-14T14:05:41.058505,157.348617,24.441588
52,0,1.0185205253439913,2025-08-14T14:05:41.158903,157.287582,24.432136
53,0,1.018453111935449,2025-08-14T14:05:41.260475,157.287582,24.432136
54,0,1.0262445811939764,2025-08-14T14:05:41.361571,157.226546,24.432136
55,0,1.0147083988841328,2025-08-14T14:05:41.462571,157.226546,24.432136
56,0,1.014851216292812,2025-08-14T14:05:41.562580,157.226546,24.432136
57,0,1.0188949877656677,2025-08-14T14:05:41.667631,157.226546,24.441588
58,0,1.022706426863056,2025-08-14T14:05:41.765103,157.043441,24.441588
59,0,1.0146256722964386,2025-08-14T14:05:41.869267,156.7993,24.441588
60,0,1.0146256722964386,2025-08-14T14:05:41.969306,156.67723,24.432136
61,0,1.01874520704394,2025-08-14T14:05:42.068212,156.616195,24.432136
62,0,1.0067670323476032,2025-08-14T14:05:42.170182,156.616195,24.441588
63,0,1.0188949877656677,2025-08-14T14:05:42.272707,156.616195,24.432136
64,0,1.0226392893933811,2025-08-14T14:05:42.372357,156.616195,24.432136
65,0,1.0143473627244268,2025-08-14T14:05:42.473287,156.616195,24.441588
66,0,1.0188126011249563,2025-08-14T14:05:42.574285,156.67723,24.441588
67,0,1.03020658814531,2025-08-14T14:05:42.673387,156.67723,24.441588
68,0,1.0188126011249563,2025-08-14T14:05:42.774105,156.616195,24.441588
69,0,1.01874520704394,2025-08-14T14:05:42.876563,156.55516,24.432136
70,0,1.0185205253439913,2025-08-14T14:05:42.976376,156.494125,24.432136
71,0,1.0185205253439913,2025-08-14T14:05:43.079146,156.433089,24.432136
72,0,1.0186029356083752,2025-08-14T14:05:43.178916,156.433089,24.441588
73,0,1.0188949877656677,2025-08-14T14:05:43.280331,156.55516,24.441588
74,0,1.0142796719495073,2025-08-14T14:05:43.386625,156.616195,24.441588
75,0,1.0226392893933811,2025-08-14T14:05:43.483606,156.67723,24.432136
76,0,1.0186029356083752,2025-08-14T14:05:43.584865,156.67723,24.432136
77,0,1.0147985935874173,2025-08-14T14:05:43.699869,156.67723,24.432136
78,0,1.018400675346889,2025-08-14T14:05:43.790856,156.67723,24.441588
79,0,1.0224154634408655,2025-08-14T14:05:43.885567,156.55516,24.432136
80,0,1.011024234590843,2025-08-14T14:05:43.985580,156.55516,24.432136
81,0,1.0266013420164617,2025-08-14T14:05:44.087154,156.494125,24.432136
82,0,1.014918868948154,2025-08-14T14:05:44.190154,156.55516,24.432136
83,0,1.0224154634408655,2025-08-14T14:05:44.293886,156.616195,24.432136
84,0,1.0226392893933811,2025-08-14T14:05:44.391888,156.616195,24.432136
85,0,1.0224154634408655,2025-08-14T14:05:44.491889,156.67723,24.432136
86,0,1.0147985935874173,2025-08-14T14:05:44.685883,156.738265,24.432136
87,0,1.010812953591811,2025-08-14T14:05:44.734898,156.494125,24.432136
88,0,1.0146256722964386,2025-08-14T14:05:44.829898,156.55516,24.432136
89,0,1.0186029356083752,2025-08-14T14:05:44.933201,156.616195,24.432136
90,0,1.0223483068636636,2025-08-14T14:05:45.036163,156.738265,24.432136
91,0,1.0185205253439913,2025-08-14T14:05:45.171355,156.738265,24.441588
92,0,1.022706426863056,2025-08-14T14:05:45.234843,156.738265,24.432136
93,0,1.0109563213086905,2025-08-14T14:05:45.335728,156.55516,24.432136
94,0,1.0185205253439913,2025-08-14T14:05:45.435090,156.55516,24.432136
95,0,1.0260363429961925,2025-08-14T14:05:45.538109,156.55516,24.432136
96,0,1.0147083988841328,2025-08-14T14:05:45.662124,156.494125,24.432136
97,0,1.0185205253439913,2025-08-14T14:05:45.742958,156.55516,24.432136
98,0,1.01874520704394,2025-08-14T14:05:45.845382,156.67723,24.432136
99,0,1.018243280326465,2025-08-14T14:05:45.945387,156.67723,24.441588
100,0,1.0071306928209465,2025-08-14T14:05:46.046055,156.67723,24.432136
101,0,1.0185205253439913,2025-08-14T14:05:46.154493,156.616195,24.432136
102,0,1.0185205253439913,2025-08-14T14:05:46.245790,156.55516,24.432136
103,0,1.018453111935449,2025-08-14T14:05:46.353510,156.55516,24.432136
104,0,1.0184231008303966,2025-08-14T14:05:46.447375,156.494125,24.432136
105,0,1.0147083988841328,2025-08-14T14:05:46.547196,156.55516,24.432136
106,0,1.0150015716391774,2025-08-14T14:05:46.648057,156.55516,24.432136
107,0,1.0107299081683494,2025-08-14T14:05:46.861622,156.67723,24.441588
108,0,1.018243280326465,2025-08-14T14:05:46.983326,156.67723,24.441588
109,0,1.0146256722964386,2025-08-14T14:05:47.054081,156.55516,24.432136
110,0,1.018453111935449,2025-08-14T14:05:47.160807,156.494125,24.432136
111,0,1.014430112008215,2025-08-14T14:05:47.258959,156.494125,24.432136
112,0,1.0145580000901873,2025-08-14T14:05:47.357948,156.616195,24.432136
113,0,1.0183257130275165,2025-08-14T14:05:47.457960,156.7993,24.441588
114,0,1.011024234590843,2025-08-14T14:05:47.559270,156.860335,24.432136
115,0,1.02229607007119,2025-08-14T14:05:47.666181,157.043441,24.432136
116,0,1.0266013420164617,2025-08-14T14:05:47.763186,157.104476,24.441588
117,0,1.0188126011249563,2025-08-14T14:05:47.861839,157.165511,24.441588
118,0,1.0185205253439913,2025-08-14T14:05:47.963742,157.165511,24.441588
119,0,1.0146256722964386,2025-08-14T14:05:48.062760,157.226546,24.441588
120,0,1.0143473627244268,2025-08-14T14:05:48.174268,157.226546,24.441588
121,0,1.011024234590843,2025-08-14T14:05:48.265639,157.348617,24.441588
122,0,1.0107299081683494,2025-08-14T14:05:48.366746,157.409652,24.441588
123,0,1.0226392893933811,2025-08-14T14:05:48.466459,157.470687,24.441588
124,0,1.010661975108394,2025-08-14T14:05:48.569152,157.409652,24.441588
125,0,1.014918868948154,2025-08-14T14:05:48.675773,157.348617,24.441588
126,0,1.0186029356083752,2025-08-14T14:05:48.772192,157.287582,24.432136
127,0,1.0188126011249563,2025-08-14T14:05:48.871606,157.287582,24.441588
128,0,1.0145580000901873,2025-08-14T14:05:48.974278,157.348617,24.441588
129,0,1.014851216292812,2025-08-14T14:05:49.074084,157.409652,24.441588
130,0,1.0188126011249563,2025-08-14T14:05:49.199765,157.531722,24.441588
131,0,1.0107299081683494,2025-08-14T14:05:49.276414,157.531722,24.45104
132,0,1.0147083988841328,2025-08-14T14:05:49.376843,157.531722,24.441588
133,0,1.0188126011249563,2025-08-14T14:05:49.477278,157.470687,24.441588
134,0,1.01874520704394,2025-08-14T14:05:49.578497,157.470687,24.441588
135,0,1.0107299081683494,2025-08-14T14:05:49.690398,157.409652,24.45104
136,0,1.022788499852242,2025-08-14T14:05:49.780328,157.348617,24.441588
137,0,1.0224154634408655,2025-08-14T14:05:49.881325,157.348617,24.441588
138,0,1.0103825737377896,2025-08-14T14:05:49.982594,157.348617,24.441588
139,0,1.0185205253439913,2025-08-14T14:05:50.081302,157.409652,24.441588
140,0,1.01874520704394,2025-08-14T14:05:50.187631,157.470687,24.45104
141,0,1.0146256722964386,2025-08-14T14:05:50.284074,157.531722,24.441588
142,0,1.018453111935449,2025-08-14T14:05:50.386167,157.531722,24.441588
143,0,1.0188126011249563,2025-08-14T14:05:50.485580,157.470687,24.432136
144,0,1.0223483068636636,2025-08-14T14:05:50.586353,157.409652,24.441588
145,0,1.014851216292812,2025-08-14T14:05:50.686491,157.409652,24.441588
146,0,1.018453111935449,2025-08-14T14:05:50.787555,157.409652,24.441588
147,0,1.0188126011249563,2025-08-14T14:05:50.895558,157.348617,24.441588
148,0,1.022706426863056,2025-08-14T14:05:50.991452,157.409652,24.441588
149,0,1.01874520704394,2025-08-14T14:05:51.096757,157.470687,24.45104
150,0,1.014430112008215,2025-08-14T14:05:51.196357,157.531722,24.45104
151,0,1.014851216292812,2025-08-14T14:05:51.294431,157.531722,24.45104
152,0,1.022706426863056,2025-08-14T14:05:51.395511,157.470687,24.45104
153,0,1.0147083988841328,2025-08-14T14:05:51.500321,157.348617,24.45104
154,0,1.014851216292812,2025-08-14T14:05:51.602231,157.409652,24.45104
155,0,1.0226392893933811,2025-08-14T14:05:51.703802,157.470687,24.441588
156,0,1.0266013420164617,2025-08-14T14:05:51.802811,157.531722,24.45104
157,0,1.0188126011249563,2025-08-14T14:05:51.905107,157.592757,24.45104
158,0,1.0188126011249563,2025-08-14T14:05:52.008104,157.531722,24.45104
159,0,1.0186029356083752,2025-08-14T14:05:52.140634,157.470687,24.460493
160,0,1.01874520704394,2025-08-14T14:05:52.235643,157.409652,24.441588
161,0,1.0218108227171994,2025-08-14T14:05:52.343631,157.348617,24.441588
162,0,1.019052190131104,2025-08-14T14:05:52.448651,157.348617,24.441588
163,0,1.022587067465162,2025-08-14T14:05:52.559631,157.409652,24.45104
164,0,1.0260363429961925,2025-08-14T14:05:52.654630,157.470687,24.441588
165,0,1.018453111935449,2025-08-14T14:05:52.727633,157.470687,24.441588
166,0,1.018175848561534,2025-08-14T14:05:52.823632,157.531722,24.441588
167,0,1.0185205253439913,2025-08-14T14:05:52.921650,157.531722,24.45104
168,0,1.0150015716391774,2025-08-14T14:05:53.024634,157.409652,24.441588
169,0,1.0222213934119164,2025-08-14T14:05:53.126631,157.409652,24.441588
170,0,1.014918868948154,2025-08-14T14:05:53.228653,157.104476,24.441588
171,0,1.0111072558403484,2025-08-14T14:05:53.331653,157.287582,24.45104
172,0,1.0220721001622144,2025-08-14T14:05:53.438631,157.409652,24.441588
173,0,1.0263114828189346,2025-08-14T14:05:53.526694,157.470687,24.441588
174,0,1.0226392893933811,2025-08-14T14:05:53.622707,157.470687,24.422684
175,0,1.0188949877656677,2025-08-14T14:05:53.732701,157.287582,24.441588
176,0,1.01874520704394,2025-08-14T14:05:53.826561,157.226546,24.441588
177,0,1.014851216292812,2025-08-14T14:05:53.924548,157.226546,24.441588
178,0,1.018453111935449,2025-08-14T14:05:54.028638,157.287582,24.441588
179,0,1.0147083988841328,2025-08-14T14:05:54.125980,157.287582,24.45104
180,0,1.018243280326465,2025-08-14T14:05:54.227135,157.226546,24.441588
181,0,1.0229451038775248,2025-08-14T14:05:54.329696,157.226546,24.441588
182,0,1.0145580000901873,2025-08-14T14:05:54.433224,157.043441,24.441588
183,0,1.0107299081683494,2025-08-14T14:05:54.543561,156.921371,24.441588
184,0,1.03020658814531,2025-08-14T14:05:54.630720,156.860335,24.441588
185,0,1.0146256722964386,2025-08-14T14:05:54.740775,156.7993,24.441588
186,0,1.0224975597848631,2025-08-14T14:05:54.839330,156.921371,24.441588
187,0,1.0223483068636636,2025-08-14T14:05:54.940957,156.860335,24.441588
188,0,1.010661975108394,2025-08-14T14:05:55.039923,156.738265,24.441588
189,0,1.0145580000901873,2025-08-14T14:05:55.139909,156.67723,24.441588
190,0,1.0188949877656677,2025-08-14T14:05:55.242405,156.55516,24.441588
191,0,1.018453111935449,2025-08-14T14:05:55.343128,156.494125,24.45104
192,0,1.0146256722964386,2025-08-14T14:05:55.447539,156.55516,24.45104
193,0,1.0146256722964386,2025-08-14T14:05:55.545280,156.55516,24.441588
194,0,1.0224154634408655,2025-08-14T14:05:55.645348,156.55516,24.45104
195,0,1.0223483068636636,2025-08-14T14:05:55.753790,156.55516,24.45104
196,0,1.0147985935874173,2025-08-14T14:05:55.848801,156.433089,24.441588
197,0,1.0111072558403484,2025-08-14T14:05:55.954195,156.311019,24.441588
198,0,1.0145580000901873,2025-08-14T14:05:56.053499,156.188949,24.441588
199,0,1.018453111935449,2025-08-14T14:05:56.152481,156.249984,24.45104
200,0,1.0146256722964386,2025-08-14T14:05:56.251921,156.311019,24.441588
201,0,1.0224154634408655,2025-08-14T14:05:56.353100,156.311019,24.45104
202,0,1.023012221277439,2025-08-14T14:05:56.453229,156.311019,24.441588
203,0,1.0146256722964386,2025-08-14T14:05:56.551961,156.311019,24.441588
204,0,1.018243280326465,2025-08-14T14:05:56.655742,156.311019,24.45104
205,0,1.0109563213086905,2025-08-14T14:05:56.759754,156.311019,24.441588
206,0,1.0146256722964386,2025-08-14T14:05:56.857701,156.188949,24.45104
207,0,1.0301399394849229,2025-08-14T14:05:56.960085,155.944808,24.45104
208,0,1.022706426863056,2025-08-14T14:05:57.060058,155.639633,24.45104
209,0,1.0071306928209465,2025-08-14T14:05:57.191712,155.334457,24.441588
210,0,1.01874520704394,2025-08-14T14:05:57.260726,154.907211,24.45104
211,0,1.0107299081683494,2025-08-14T14:05:57.363655,154.846176,24.441588
212,0,1.018400675346889,2025-08-14T14:05:57.462561,154.907211,24.45104
213,0,1.014851216292812,2025-08-14T14:05:57.563680,155.151351,24.45104
214,0,1.0107299081683494,2025-08-14T14:05:57.665553,155.517562,24.45104
215,0,1.0146256722964386,2025-08-14T14:05:57.767564,155.822738,24.441588
216,0,1.018243280326465,2025-08-14T14:05:57.866122,156.005843,24.441588
217,0,1.0226392893933811,2025-08-14T14:05:57.970527,156.127914,24.441588
218,0,1.010812953591811,2025-08-14T14:05:58.065515,156.249984,24.45104
219,0,1.014918868948154,2025-08-14T14:05:58.166272,156.433089,24.45104
220,0,1.0188949877656677,2025-08-14T14:05:58.268608,156.55516,24.441588
221,0,1.0142796719495073,2025-08-14T14:05:58.365611,156.616195,24.441588
222,0,1.014918868948154,2025-08-14T14:05:58.472670,156.738265,24.45104
223,0,1.014918868948154,2025-08-14T14:05:58.570482,156.860335,24.441588
224,0,1.0224154634408655,2025-08-14T14:05:58.670012,156.982406,24.441588
225,0,1.022706426863056,2025-08-14T14:05:58.775216,156.982406,24.45104
226,0,1.0266013420164617,2025-08-14T14:05:58.873523,156.921371,24.45104
227,0,1.011024234590843,2025-08-14T14:05:58.985706,156.921371,24.441588
228,0,1.010661975108394,2025-08-14T14:05:59.075979,156.921371,24.441588
229,0,1.0147083988841328,2025-08-14T14:05:59.180006,157.043441,24.441588
230,0,1.0185205253439913,2025-08-14T14:05:59.278295,157.165511,24.45104
231,0,1.0143473627244268,2025-08-14T14:05:59.379297,157.287582,24.45104
232,0,1.014918868948154,2025-08-14T14:05:59.485294,157.348617,24.45104
233,0,1.0150015716391774,2025-08-14T14:05:59.582296,157.287582,24.45104
234,0,1.0150015716391774,2025-08-14T14:05:59.684295,157.287582,24.441588
235,0,1.0147083988841328,2025-08-14T14:05:59.783308,157.287582,24.45104
236,0,1.0147083988841328,2025-08-14T14:05:59.885308,157.348617,24.45104
237,0,1.0105335939650892,2025-08-14T14:05:59.995549,157.348617,24.45104
238,0,1.018243280326465,2025-08-14T14:06:00.087946,157.409652,24.432136
239,0,1.018243280326465,2025-08-14T14:06:00.187737,157.470687,24.45104
240,0,1.014918868948154,2025-08-14T14:06:00.290000,157.592757,24.45104
241,0,1.014918868948154,2025-08-14T14:06:00.392422,157.592757,24.45104
242,0,1.010661975108394,2025-08-14T14:06:00.499425,157.531722,24.441588
243,0,1.0185205253439913,2025-08-14T14:06:00.593569,157.531722,24.45104
244,0,1.022706426863056,2025-08-14T14:06:00.717223,157.470687,24.460493
245,0,1.0186029356083752,2025-08-14T14:06:00.801223,157.470687,24.45104
246,0,1.0145580000901873,2025-08-14T14:06:00.904224,157.531722,24.45104
247,0,1.011024234590843,2025-08-14T14:06:00.998286,157.653792,24.45104
248,0,1.0266013420164617,2025-08-14T14:06:01.101879,157.714828,24.45104
249,0,1.0185205253439913,2025-08-14T14:06:01.210165,157.714828,24.45104
250,0,1.0147083988841328,2025-08-14T14:06:01.300700,157.592757,24.45104
251,0,1.010661975108394,2025-08-14T14:06:01.404690,157.592757,24.45104
252,0,1.0263114828189346,2025-08-14T14:06:01.502296,157.592757,24.45104
253,0,1.0145580000901873,2025-08-14T14:06:01.604274,157.531722,24.45104
254,0,1.018175848561534,2025-08-14T14:06:01.707266,157.592757,24.45104
255,0,1.0303843208400447,2025-08-14T14:06:01.809799,157.653792,24.45104
256,0,1.0191046161950206,2025-08-14T14:06:01.906050,157.714828,24.45104
257,0,1.0109563213086905,2025-08-14T14:06:02.005521,157.775863,24.441588
258,0,1.018453111935449,2025-08-14T14:06:02.109134,157.836898,24.45104
259,0,1.0188126011249563,2025-08-14T14:06:02.213144,157.775863,24.45104
260,0,1.0109563213086905,2025-08-14T14:06:02.306130,157.714828,24.45104
261,0,1.011024234590843,2025-08-14T14:06:02.406082,157.714828,24.441588
262,0,1.0147083988841328,2025-08-14T14:06:02.508096,157.653792,24.441588
263,0,1.0185205253439913,2025-08-14T14:06:02.612096,157.653792,24.45104
264,0,1.0146256722964386,2025-08-14T14:06:02.709096,157.592757,24.45104
265,0,1.0146256722964386,2025-08-14T14:06:02.810883,157.592757,24.460493
266,0,1.0145053621755775,2025-08-14T14:06:02.912539,157.653792,24.45104
267,0,1.010812953591811,2025-08-14T14:06:03.010849,157.714828,24.45104
268,0,1.0148061338295111,2025-08-14T14:06:03.112216,157.714828,24.45104
269,0,1.018453111935449,2025-08-14T14:06:03.220224,157.775863,24.441588
270,0,1.014527873762471,2025-08-14T14:06:03.312575,157.836898,24.45104
271,0,1.010661975108394,2025-08-14T14:06:03.415320,157.836898,24.460493
272,0,1.0142796719495073,2025-08-14T14:06:03.516633,157.836898,24.45104
273,0,1.0185205253439913,2025-08-14T14:06:03.615487,157.775863,24.45104
274,0,1.011024234590843,2025-08-14T14:06:03.719475,157.714828,24.45104
275,0,1.014166865777521,2025-08-14T14:06:03.820496,157.653792,24.460493
276,0,1.0221392748867444,2025-08-14T14:06:04.000085,157.714828,24.45104
277,0,1.010661975108394,2025-08-14T14:06:04.100793,157.653792,24.45104
278,0,1.018243280326465,2025-08-14T14:06:04.161345,157.775863,24.45104
279,0,1.0263114828189346,2025-08-14T14:06:04.244493,157.714828,24.45104
280,0,1.018453111935449,2025-08-14T14:06:04.342348,157.714828,24.45104
281,0,1.0111072558403484,2025-08-14T14:06:04.442096,157.653792,24.45104
282,0,1.0146256722964386,2025-08-14T14:06:04.547451,157.714828,24.45104
283,0,1.0224154634408655,2025-08-14T14:06:04.644475,157.714828,24.45104
284,0,1.018243280326465,2025-08-14T14:06:04.757268,157.897933,24.45104
285,0,1.0146256722964386,2025-08-14T14:06:04.848219,157.836898,24.45104
286,0,1.0186029356083752,2025-08-14T14:06:04.949227,157.775863,24.45104
287,0,1.0185205253439913,2025-08-14T14:06:05.050943,157.714828,24.45104
288,0,1.018243280326465,2025-08-14T14:06:05.150740,157.653792,24.45104
289,0,1.014918868948154,2025-08-14T14:06:05.251549,157.653792,24.45104
290,0,1.018243280326465,2025-08-14T14:06:05.353850,157.653792,24.45104
291,0,1.023012221277439,2025-08-14T14:06:05.453700,157.653792,24.45104
292,0,1.0223483068636636,2025-08-14T14:06:05.552944,157.714828,24.45104
293,0,1.0146256722964386,2025-08-14T14:06:05.653369,157.775863,24.45104
294,0,1.0188949877656677,2025-08-14T14:06:05.763509,157.836898,24.45104
295,0,1.02585790269608,2025-08-14T14:06:05.859293,157.775863,24.45104
296,0,1.0152270090393578,2025-08-14T14:06:05.963519,157.653792,24.45104
297,0,1.0185205253439913,2025-08-14T14:06:06.058911,157.653792,24.45104
298,0,1.0146256722964386,2025-08-14T14:06:06.161102,157.653792,24.45104
299,0,1.0143473627244268,2025-08-14T14:06:06.264376,157.714828,24.441588
300,0,1.0146256722964386,2025-08-14T14:06:06.362699,157.775863,24.441588
301,0,1.0188949877656677,2025-08-14T14:06:06.464134,157.836898,24.45104
302,0,1.0143473627244268,2025-08-14T14:06:06.563761,157.836898,24.45104
303,0,1.0150015716391774,2025-08-14T14:06:06.677858,157.836898,24.441588
304,0,1.0186029356083752,2025-08-14T14:06:06.770538,157.775863,24.441588
305,0,1.0186029356083752,2025-08-14T14:06:06.867039,157.714828,24.45104
306,0,1.0186029356083752,2025-08-14T14:06:06.969684,157.653792,24.441588
307,0,1.022788499852242,2025-08-14T14:06:07.070121,157.653792,24.441588
308,0,1.018243280326465,2025-08-14T14:06:07.167996,157.775863,24.45104
309,0,1.014851216292812,2025-08-14T14:06:07.273517,157.836898,24.441588
310,0,1.0223483068636636,2025-08-14T14:06:07.373898,157.836898,24.441588
311,0,1.0147083988841328,2025-08-14T14:06:07.475329,157.836898,24.441588
312,0,1.0146256722964386,2025-08-14T14:06:07.574611,157.775863,24.441588
313,0,1.0109563213086905,2025-08-14T14:06:07.674187,157.714828,24.441588
314,0,1.0142796719495073,2025-08-14T14:06:07.776983,157.714828,24.441588
315,0,1.0263932675388123,2025-08-14T14:06:07.876352,157.653792,24.432136
316,0,1.01874520704394,2025-08-14T14:06:07.979360,157.714828,24.441588
317,0,1.026489889936087,2025-08-14T14:06:08.081224,157.836898,24.432136
318,0,1.0146256722964386,2025-08-14T14:06:08.181401,157.836898,24.432136
319,0,1.018453111935449,2025-08-14T14:06:08.282072,157.836898,24.422684
320,0,1.022706426863056,2025-08-14T14:06:08.383190,157.775863,24.422684
321,0,1.0263114828189346,2025-08-14T14:06:08.486531,157.653792,24.422684
322,0,1.011024234590843,2025-08-14T14:06:08.586577,157.653792,24.422684
323,0,1.007214035001995,2025-08-14T14:06:08.688246,157.714828,24.413233
324,0,1.0188126011249563,2025-08-14T14:06:08.789335,157.714828,24.422684
325,0,1.0146256722964386,2025-08-14T14:06:08.890323,157.775863,24.422684
326,0,1.0188126011249563,2025-08-14T14:06:08.990812,157.836898,24.413233
327,0,1.0185205253439913,2025-08-14T14:06:09.090994,157.836898,24.413233
328,0,1.0185205253439913,2025-08-14T14:06:09.196033,157.775863,24.413233
329,0,1.011024234590843,2025-08-14T14:06:09.296195,157.714828,24.413233
330,0,1.0224154634408655,2025-08-14T14:06:09.397879,157.653792,24.403782
331,0,1.0224975597848631,2025-08-14T14:06:09.495189,157.653792,24.413233
332,0,1.0224154634408655,2025-08-14T14:06:09.593664,157.653792,24.413233
333,0,1.022788499852242,2025-08-14T14:06:09.734772,157.653792,24.413233
334,0,1.0188949877656677,2025-08-14T14:06:09.798787,157.836898,24.413233
335,0,1.018243280326465,2025-08-14T14:06:09.899772,157.836898,24.413233
336,0,1.014166865777521,2025-08-14T14:06:10.001929,157.775863,24.413233
337,0,1.0107299081683494,2025-08-14T14:06:10.103361,157.653792,24.403782
338,0,1.0185205253439913,2025-08-14T14:06:10.210981,157.592757,24.403782
339,0,1.014851216292812,2025-08-14T14:06:10.303014,157.592757,24.403782
340,0,1.014918868948154,2025-08-14T14:06:10.407925,157.714828,24.413233
341,0,1.018453111935449,2025-08-14T14:06:10.511222,157.714828,24.413233
342,0,1.0146256722964386,2025-08-14T14:06:10.607592,157.714828,24.413233
343,0,1.014851216292812,2025-08-14T14:06:10.713698,157.653792,24.403782
344,0,1.0185205253439913,2025-08-14T14:06:10.820269,157.592757,24.403782
345,0,1.0224154634408655,2025-08-14T14:06:10.912243,157.531722,24.403782
346,0,1.0142796719495073,2025-08-14T14:06:11.015470,157.592757,24.403782
347,0,1.0226392893933811,2025-08-14T14:06:11.115267,157.714828,24.413233
348,0,1.0224154634408655,2025-08-14T14:06:11.217171,157.714828,24.413233
349,0,1.0068352282066813,2025-08-14T14:06:11.315005,157.653792,24.413233
350,0,1.0188126011249563,2025-08-14T14:06:11.416976,157.531722,24.413233
351,0,1.0106091342680412,2025-08-14T14:06:11.550099,157.531722,24.413233
352,0,1.0150015716391774,2025-08-14T14:06:11.619085,157.531722,24.413233
353,0,1.0224154634408655,2025-08-14T14:06:11.722099,157.592757,24.413233
354,0,1.022885462758172,2025-08-14T14:06:11.821087,157.653792,24.413233
355,0,1.018453111935449,2025-08-14T14:06:11.923041,157.714828,24.403782
356,0,1.018453111935449,2025-08-14T14:06:12.025677,157.714828,24.413233
357,0,1.0145580000901873,2025-08-14T14:06:12.125839,157.653792,24.413233
358,0,1.0146256722964386,2025-08-14T14:06:12.225853,157.653792,24.422684
359,0,1.0224154634408655,2025-08-14T14:06:12.356553,157.592757,24.422684
360,0,1.0188126011249563,2025-08-14T14:06:12.427540,157.531722,24.413233
361,0,1.0340353780630525,2025-08-14T14:06:12.525952,157.470687,24.413233
362,0,1.0145580000901873,2025-08-14T14:06:12.628941,157.470687,24.413233
363,0,1.0143473627244268,2025-08-14T14:06:12.734696,157.470687,24.413233
364,0,1.011024234590843,2025-08-14T14:06:12.829849,157.409652,24.422684
365,0,1.0145580000901873,2025-08-14T14:06:12.933450,157.470687,24.413233
366,0,1.0145580000901873,2025-08-14T14:06:13.031069,157.470687,24.422684
367,0,1.014851216292812,2025-08-14T14:06:13.131825,157.470687,24.413233
368,0,1.0224975597848631,2025-08-14T14:06:13.234383,157.348617,24.422684
369,0,1.0191195639114186,2025-08-14T14:06:13.335765,157.226546,24.403782
370,0,1.019052190131104,2025-08-14T14:06:13.435407,157.287582,24.413233
371,0,1.0343230727147104,2025-08-14T14:06:13.535364,157.470687,24.422684
372,0,1.010812953591811,2025-08-14T14:06:13.685482,157.592757,24.413233
373,0,1.018243280326465,2025-08-14T14:06:13.750469,157.775863,24.422684
374,0,1.022706426863056,2025-08-14T14:06:13.841587,158.020003,24.413233
375,0,1.0185205253439913,2025-08-14T14:06:13.940259,158.081039,24.413233
376,0,1.0188126011249563,2025-08-14T14:06:14.041306,158.081039,24.422684
377,0,1.014851216292812,2025-08-14T14:06:14.144316,158.081039,24.422684
378,0,1.022788499852242,2025-08-14T14:06:14.243313,157.897933,24.413233
379,0,1.018453111935449,2025-08-14T14:06:14.343271,157.531722,24.413233
380,0,1.0152270090393578,2025-08-14T14:06:14.445282,157.043441,24.422684
381,0,1.018453111935449,2025-08-14T14:06:14.545282,156.433089,24.413233
382,0,1.0107299081683494,2025-08-14T14:06:14.670282,156.127914,24.422684
383,0,1.011024234590843,2025-08-14T14:06:14.752144,156.127914,24.422684
384,0,1.0146256722964386,2025-08-14T14:06:14.850131,156.311019,24.422684
385,0,1.0068352282066813,2025-08-14T14:06:14.950880,156.433089,24.413233
386,0,1.010812953591811,2025-08-14T14:06:15.046508,156.249984,24.413233
387,0,1.0147083988841328,2025-08-14T14:06:15.150202,156.127914,24.413233
388,0,1.0073124970916425,2025-08-14T14:06:15.252008,156.372054,24.413233
389,0,1.0185205253439913,2025-08-14T14:06:15.359471,156.67723,24.422684
390,0,1.0147083988841328,2025-08-14T14:06:15.455996,156.738265,24.422684
391,0,1.0109563213086905,2025-08-14T14:06:15.556020,156.860335,24.413233
392,0,1.0188949877656677,2025-08-14T14:06:15.657400,157.043441,24.413233
393,0,1.0188126011249563,2025-08-14T14:06:15.763928,157.165511,24.422684
394,0,1.0105335939650892,2025-08-14T14:06:15.857908,157.226546,24.413233
395,0,1.0186029356083752,2025-08-14T14:06:15.963958,157.043441,24.413233
396,0,1.0188126011249563,2025-08-14T14:06:16.061376,157.104476,24.413233
397,0,1.03020658814531,2025-08-14T14:06:16.162778,157.287582,24.413233
398,0,1.0188126011249563,2025-08-14T14:06:16.265037,157.409652,24.413233
399,0,1.01874520704394,2025-08-14T14:06:16.366022,157.531722,24.413233
400,0,1.018453111935449,2025-08-14T14:06:16.464037,157.531722,24.413233
401,0,1.010812953591811,2025-08-14T14:06:16.568610,157.470687,24.413233
402,0,1.0146256722964386,2025-08-14T14:06:16.681613,157.470687,24.403782
403,0,1.0191195639114186,2025-08-14T14:06:16.776906,157.409652,24.413233
404,0,1.010661975108394,2025-08-14T14:06:16.872679,157.409652,24.403782
405,0,1.0146256722964386,2025-08-14T14:06:16.979626,157.348617,24.403782
406,0,1.018453111935449,2025-08-14T14:06:17.074203,157.409652,24.413233
407,0,1.0185205253439913,2025-08-14T14:06:17.176394,157.409652,24.403782
408,0,1.0224975597848631,2025-08-14T14:06:17.275496,157.531722,24.403782
409,0,1.0146256722964386,2025-08-14T14:06:17.375770,157.531722,24.413233
410,0,1.014918868948154,2025-08-14T14:06:17.476235,157.531722,24.403782
411,0,1.014851216292812,2025-08-14T14:06:17.589740,157.409652,24.403782
412,0,1.0107299081683494,2025-08-14T14:06:17.691740,157.348617,24.403782
413,0,1.022788499852242,2025-08-14T14:06:17.785754,157.348617,24.403782
414,0,1.0186029356083752,2025-08-14T14:06:17.883754,157.470687,24.403782
415,0,1.0188126011249563,2025-08-14T14:06:17.982078,157.531722,24.403782
416,0,1.0145053621755775,2025-08-14T14:06:18.086370,157.592757,24.403782
417,0,1.022706426863056,2025-08-14T14:06:18.185367,157.592757,24.403782
418,0,1.0066381544646517,2025-08-14T14:06:18.285156,157.592757,24.403782
419,0,1.01874520704394,2025-08-14T14:06:18.384785,157.592757,24.403782
420,0,1.0069185948431978,2025-08-14T14:06:18.486710,157.470687,24.413233
421,0,1.014918868948154,2025-08-14T14:06:18.588994,157.470687,24.413233
422,0,1.0068352282066813,2025-08-14T14:06:18.689913,157.470687,24.403782
423,0,1.010812953591811,2025-08-14T14:06:18.798739,157.531722,24.413233
424,0,1.0226392893933811,2025-08-14T14:06:18.898379,157.531722,24.403782
425,0,1.0185205253439913,2025-08-14T14:06:18.989785,157.592757,24.403782
426,0,1.0223483068636636,2025-08-14T14:06:19.089706,157.714828,24.403782
427,0,1.0221392748867444,2025-08-14T14:06:19.193413,157.714828,24.403782
428,0,1.0183257130275165,2025-08-14T14:06:19.298420,157.775863,24.403782
429,0,1.0188949877656677,2025-08-14T14:06:19.395164,157.775863,24.413233
430,0,1.0107299081683494,2025-08-14T14:06:19.499134,157.714828,24.403782
431,0,1.018175848561534,2025-08-14T14:06:19.598654,157.653792,24.403782
432,0,1.0224154634408655,2025-08-14T14:06:19.727524,157.592757,24.403782
433,0,1.0150015716391774,2025-08-14T14:06:19.803538,157.653792,24.413233
434,0,1.0260363429961925,2025-08-14T14:06:19.902558,157.714828,24.413233
435,0,1.0143473627244268,2025-08-14T14:06:20.003699,157.836898,24.403782
436,0,1.0224154634408655,2025-08-14T14:06:20.102261,157.775863,24.413233
437,0,1.0146256722964386,2025-08-14T14:06:20.202850,157.775863,24.413233
438,0,1.022706426863056,2025-08-14T14:06:20.304850,157.714828,24.413233
439,0,1.0146256722964386,2025-08-14T14:06:20.402520,157.653792,24.413233
440,0,1.018175848561534,2025-08-14T14:06:20.506190,157.653792,24.413233
441,0,1.0146256722964386,2025-08-14T14:06:20.606852,157.592757,24.413233
442,0,1.0145580000901873,2025-08-14T14:06:20.708111,157.653792,24.413233
443,0,1.0105335939650892,2025-08-14T14:06:20.807227,157.836898,24.422684
444,0,1.0186029356083752,2025-08-14T14:06:20.909346,157.836898,24.413233
445,0,1.026534459282298,2025-08-14T14:06:21.011174,157.775863,24.413233
446,0,1.0112053388432043,2025-08-14T14:06:21.113362,157.714828,24.413233
447,0,1.0104505255820295,2025-08-14T14:06:21.213489,157.592757,24.413233
448,0,1.014918868948154,2025-08-14T14:06:21.314485,157.653792,24.422684
449,0,1.0104505255820295,2025-08-14T14:06:21.415747,157.714828,24.413233
450,0,1.0225945502778704,2025-08-14T14:06:21.521816,157.836898,24.422684
451,0,1.0146256722964386,2025-08-14T14:06:21.619811,157.836898,24.432136
452,0,1.0226392893933811,2025-08-14T14:06:21.721825,157.775863,24.422684
453,0,1.0067139870678263,2025-08-14T14:06:21.818825,157.775863,24.413233
454,0,1.0224154634408655,2025-08-14T14:06:21.921201,157.653792,24.422684
455,0,1.010661975108394,2025-08-14T14:06:22.020418,157.653792,24.422684
456,0,1.0263114828189346,2025-08-14T14:06:22.124026,157.653792,24.422684
457,0,1.022706426863056,2025-08-14T14:06:22.226034,157.714828,24.422684
458,0,1.0266013420164617,2025-08-14T14:06:22.329037,157.714828,24.422684
459,0,1.0067670323476032,2025-08-14T14:06:22.429634,157.775863,24.413233
460,0,1.018453111935449,2025-08-14T14:06:22.530150,157.714828,24.422684
461,0,1.0188126011249563,2025-08-14T14:06:22.629281,157.714828,24.422684
462,0,1.018453111935449,2025-08-14T14:06:22.736425,157.531722,24.422684
463,0,1.0143473627244268,2025-08-14T14:06:22.832519,157.531722,24.422684
464,0,1.0179135710294858,2025-08-14T14:06:22.935089,157.470687,24.422684
465,0,1.0104505255820295,2025-08-14T14:06:23.032330,157.409652,24.422684
466,0,1.018453111935449,2025-08-14T14:06:23.134237,157.470687,24.422684
467,0,1.0224154634408655,2025-08-14T14:06:23.233234,157.531722,24.422684
468,0,1.0224975597848631,2025-08-14T14:06:23.331856,157.653792,24.422684
469,0,1.0107299081683494,2025-08-14T14:06:23.438692,157.714828,24.422684
470,0,1.018243280326465,2025-08-14T14:06:23.542101,157.653792,24.432136
471,0,1.0145053621755775,2025-08-14T14:06:23.637100,157.653792,24.422684
472,0,1.0143473627244268,2025-08-14T14:06:23.740757,157.653792,24.422684
473,0,1.0191195639114186,2025-08-14T14:06:23.843273,157.592757,24.432136
474,0,1.01874520704394,2025-08-14T14:06:23.940887,157.592757,24.422684
475,0,1.022788499852242,2025-08-14T14:06:24.040647,157.592757,24.422684
476,0,1.014851216292812,2025-08-14T14:06:24.146313,157.653792,24.422684
477,0,1.0223483068636636,2025-08-14T14:06:24.253716,157.653792,24.432136
478,0,1.018453111935449,2025-08-14T14:06:24.342662,157.714828,24.432136
479,0,1.0183257130275165,2025-08-14T14:06:24.441758,157.775863,24.422684
480,0,1.0185205253439913,2025-08-14T14:06:24.543291,157.836898,24.422684
481,0,1.0143473627244268,2025-08-14T14:06:24.649765,157.836898,24.422684
482,0,1.018453111935449,2025-08-14T14:06:24.758857,157.775863,24.422684
483,0,1.014851216292812,2025-08-14T14:06:24.846889,157.714828,24.422684
484,0,1.0188949877656677,2025-08-14T14:06:24.945544,157.653792,24.422684
485,0,1.0224975597848631,2025-08-14T14:06:25.049215,157.653792,24.422684
486,0,1.0185205253439913,2025-08-14T14:06:25.152779,157.653792,24.432136
487,0,1.014851216292812,2025-08-14T14:06:25.252238,157.714828,24.422684
488,0,1.0185205253439913,2025-08-14T14:06:25.350805,157.836898,24.432136
489,0,1.018453111935449,2025-08-14T14:06:25.468197,157.836898,24.432136
490,0,1.0188126011249563,2025-08-14T14:06:25.555336,157.836898,24.422684
491,0,1.0266013420164617,2025-08-14T14:06:25.654977,157.653792,24.422684
492,0,1.0185205253439913,2025-08-14T14:06:25.763489,157.592757,24.432136
493,0,1.014851216292812,2025-08-14T14:06:25.909408,157.653792,24.422684
494,0,1.0224975597848631,2025-08-14T14:06:26.001809,157.714828,24.422684
495,0,1.0147083988841328,2025-08-14T14:06:26.101346,157.836898,24.432136
496,0,1.0263114828189346,2025-08-14T14:06:26.199688,157.836898,24.422684
497,0,1.022706426863056,2025-08-14T14:06:26.303090,157.836898,24.422684
498,0,1.0146256722964386,2025-08-14T14:06:26.404909,157.775863,24.432136
499,0,1.026534459282298,2025-08-14T14:06:26.511887,157.653792,24.422684
500,0,1.0263114828189346,2025-08-14T14:06:26.604381,157.714828,24.432136
501,0,1.0145053621755775,2025-08-14T14:06:26.706283,157.653792,24.422684
502,0,1.022706426863056,2025-08-14T14:06:26.813272,157.653792,24.422684
503,0,1.018453111935449,2025-08-14T14:06:26.913274,157.714828,24.422684
504,0,1.01874520704394,2025-08-14T14:06:27.013274,157.775863,24.432136
505,0,1.014918868948154,2025-08-14T14:06:27.113788,157.775863,24.432136
506,0,1.014851216292812,2025-08-14T14:06:27.230457,157.836898,24.432136
507,0,1.0104505255820295,2025-08-14T14:06:27.309444,157.836898,24.432136
508,0,1.0186029356083752,2025-08-14T14:06:27.410844,157.775863,24.422684
509,0,1.0185205253439913,2025-08-14T14:06:27.511911,157.775863,24.432136
510,0,1.0145580000901873,2025-08-14T14:06:27.642277,157.775863,24.432136
511,0,1.0185205253439913,2025-08-14T14:06:27.712491,157.653792,24.422684
512,0,1.010661975108394,2025-08-14T14:06:27.819517,157.653792,24.422684
513,0,1.0188126011249563,2025-08-14T14:06:27.921461,157.775863,24.422684
514,0,1.0146256722964386,2025-08-14T14:06:28.024294,157.897933,24.432136
515,0,1.0146256722964386,2025-08-14T14:06:28.120655,157.836898,24.441588
516,0,1.0107299081683494,2025-08-14T14:06:28.220800,157.836898,24.432136
517,0,1.0263114828189346,2025-08-14T14:06:28.322463,157.714828,24.422684
518,0,1.010812953591811,2025-08-14T14:06:28.423927,157.653792,24.432136
519,0,1.0221392748867444,2025-08-14T14:06:28.522327,157.653792,24.422684
520,0,1.014918868948154,2025-08-14T14:06:28.626041,157.653792,24.432136
521,0,1.0226392893933811,2025-08-14T14:06:28.729244,157.775863,24.432136
522,0,1.0185205253439913,2025-08-14T14:06:28.829979,157.836898,24.432136
523,0,1.010812953591811,2025-08-14T14:06:28.929857,157.775863,24.432136
524,0,1.0263114828189346,2025-08-14T14:06:29.030745,157.836898,24.432136
525,0,1.0189923211614502,2025-08-14T14:06:29.133164,157.775863,24.432136
526,0,1.0185205253439913,2025-08-14T14:06:29.233177,157.714828,24.441588
527,0,1.0146256722964386,2025-08-14T14:06:29.335164,157.653792,24.432136
528,0,1.0145580000901873,2025-08-14T14:06:29.439177,157.653792,24.422684
529,0,1.0224975597848631,2025-08-14T14:06:29.539163,157.653792,24.432136
530,0,1.0142796719495073,2025-08-14T14:06:29.633163,157.653792,24.432136
531,0,1.0185205253439913,2025-08-14T14:06:29.737182,157.714828,24.432136
532,0,1.0146256722964386,2025-08-14T14:06:29.842249,157.775863,24.432136
533,0,1.019052190131104,2025-08-14T14:06:29.935765,157.897933,24.432136
534,0,1.0109563213086905,2025-08-14T14:06:30.038309,157.836898,24.432136
535,0,1.0104505255820295,2025-08-14T14:06:30.137596,157.836898,24.432136
536,0,1.0150015716391774,2025-08-14T14:06:30.238938,157.775863,24.432136
537,0,1.0263114828189346,2025-08-14T14:06:30.337468,157.714828,24.432136
538,0,1.0260363429961925,2025-08-14T14:06:30.440409,157.714828,24.441588
539,0,1.0224975597848631,2025-08-14T14:06:30.543273,157.653792,24.441588
540,0,1.01090349585408,2025-08-14T14:06:30.644014,157.592757,24.432136
541,0,1.014918868948154,2025-08-14T14:06:30.744790,157.653792,24.432136
542,0,1.01874520704394,2025-08-14T14:06:30.847777,157.714828,24.432136
543,0,1.0223483068636636,2025-08-14T14:06:30.946267,157.714828,24.432136
544,0,1.0142796719495073,2025-08-14T14:06:31.044797,157.775863,24.441588
545,0,1.0266013420164617,2025-08-14T14:06:31.146349,157.836898,24.432136
546,0,1.018175848561534,2025-08-14T14:06:31.256109,157.836898,24.432136
547,0,1.0185205253439913,2025-08-14T14:06:31.350043,157.775863,24.432136
548,0,1.01874520704394,2025-08-14T14:06:31.469737,157.714828,24.432136
549,0,1.0223483068636636,2025-08-14T14:06:31.551737,157.653792,24.432136
550,0,1.0222213934119164,2025-08-14T14:06:31.652182,157.653792,24.432136
551,0,1.0185205253439913,2025-08-14T14:06:31.758991,157.653792,24.422684
552,0,1.0226392893933811,2025-08-14T14:06:31.861004,157.775863,24.432136
553,0,1.0109563213086905,2025-08-14T14:06:31.956004,157.775863,24.441588
554,0,1.0107299081683494,2025-08-14T14:06:32.056641,157.836898,24.422684
555,0,1.0223483068636636,2025-08-14T14:06:32.160633,157.836898,24.422684
556,0,1.0147083988841328,2025-08-14T14:06:32.261641,157.714828,24.432136
557,0,1.0146256722964386,2025-08-14T14:06:32.360641,157.653792,24.432136
558,0,1.022706426863056,2025-08-14T14:06:32.460103,157.653792,24.422684
559,0,1.0185205253439913,2025-08-14T14:06:32.679358,157.714828,24.422684
560,0,1.014918868948154,2025-08-14T14:06:32.742369,157.714828,24.422684
561,0,1.014851216292812,2025-08-14T14:06:32.842369,157.653792,24.432136
562,0,1.0224154634408655,2025-08-14T14:06:32.944356,157.592757,24.432136
563,0,1.0224154634408655,2025-08-14T14:06:33.046620,157.653792,24.432136
564,0,1.0147083988841328,2025-08-14T14:06:33.143699,157.714828,24.422684
565,0,1.0107299081683494,2025-08-14T14:06:33.246745,157.775863,24.432136
566,0,1.0224154634408655,2025-08-14T14:06:33.352289,157.836898,24.432136
567,0,1.014851216292812,2025-08-14T14:06:33.450704,157.775863,24.422684
568,0,1.0226392893933811,2025-08-14T14:06:33.549611,157.836898,24.432136
569,0,1.014918868948154,2025-08-14T14:06:33.647598,157.714828,24.432136
570,0,1.0143473627244268,2025-08-14T14:06:33.752411,157.653792,24.422684
571,0,1.0224154634408655,2025-08-14T14:06:33.854337,157.653792,24.432136
572,0,1.018243280326465,2025-08-14T14:06:33.953474,157.653792,24.432136
573,0,1.01874520704394,2025-08-14T14:06:34.055106,157.714828,24.432136
574,0,1.018243280326465,2025-08-14T14:06:34.154306,157.775863,24.432136
575,0,1.018243280326465,2025-08-14T14:06:34.253112,157.836898,24.432136
576,0,1.010812953591811,2025-08-14T14:06:34.356066,157.836898,24.432136
577,0,1.0188126011249563,2025-08-14T14:06:34.457630,157.836898,24.432136
578,0,1.0101182726814717,2025-08-14T14:06:34.559839,157.714828,24.432136
579,0,1.0185205253439913,2025-08-14T14:06:34.659524,157.775863,24.432136
580,0,1.01874520704394,2025-08-14T14:06:34.767129,157.714828,24.432136
581,0,1.0188126011249563,2025-08-14T14:06:34.856660,157.653792,24.432136
582,0,1.01874520704394,2025-08-14T14:06:34.958655,157.653792,24.432136
583,0,1.0185205253439913,2025-08-14T14:06:35.063792,157.653792,24.432136
584,0,1.0183257130275165,2025-08-14T14:06:35.159874,157.775863,24.432136
585,0,1.018453111935449,2025-08-14T14:06:35.263529,157.836898,24.432136
586,0,1.0146256722964386,2025-08-14T14:06:35.367752,157.714828,24.432136
587,0,1.022788499852242,2025-08-14T14:06:35.470227,157.653792,24.432136
588,0,1.0263114828189346,2025-08-14T14:06:35.569243,157.775863,24.432136
589,0,1.014851216292812,2025-08-14T14:06:35.670879,157.836898,24.432136
590,0,1.0071306928209465,2025-08-14T14:06:35.780360,157.836898,24.432136
591,0,1.0263114828189346,2025-08-14T14:06:35.873372,157.653792,24.432136
592,0,1.0143473627244268,2025-08-14T14:06:35.976545,157.653792,24.432136
593,0,1.007214035001995,2025-08-14T14:06:36.078112,157.714828,24.441588
594,0,1.0188126011249563,2025-08-14T14:06:36.178876,157.775863,24.432136
595,0,1.0152270090393578,2025-08-14T14:06:36.280398,157.836898,24.432136
596,0,1.011024234590843,2025-08-14T14:06:36.381909,157.836898,24.432136
597,0,1.018453111935449,2025-08-14T14:06:36.483222,157.714828,24.432136
598,0,1.0146256722964386,2025-08-14T14:06:36.586483,157.653792,24.432136
599,0,1.018453111935449,2025-08-14T14:06:36.686612,157.653792,24.432136
600,0,1.0185205253439913,2025-08-14T14:06:36.794521,157.775863,24.432136
601,0,1.0224154634408655,2025-08-14T14:06:36.892255,157.836898,24.432136
602,0,1.018400675346889,2025-08-14T14:06:36.990908,157.775863,24.432136
603,0,1.0226392893933811,2025-08-14T14:06:37.089842,157.714828,24.432136
604,0,1.014918868948154,2025-08-14T14:06:37.195705,157.409652,24.422684
605,0,1.022706426863056,2025-08-14T14:06:37.295132,157.653792,24.432136
