timestamp,x_axis,y_axis,z_axis,magnitude
2025-08-14T14:04:49.962277,-0.074219,0.019531,1.015625,1.0185205253439913
2025-08-14T14:04:50.063483,-0.070312,0.019531,1.019531,1.0221392748867444
2025-08-14T14:04:50.166957,-0.074219,0.015625,1.011719,1.0145580000901873
2025-08-14T14:04:50.263783,-0.074219,0.019531,1.015625,1.0185205253439913
2025-08-14T14:04:50.364447,-0.070312,0.019531,1.011719,1.0143473627244268
2025-08-14T14:04:50.493085,-0.074219,0.015625,1.019531,1.0223483068636636
2025-08-14T14:04:50.568074,-0.066406,0.019531,1.011719,1.0140840950128347
2025-08-14T14:04:50.669614,-0.078125,0.015625,1.011719,1.014851216292812
2025-08-14T14:05:36.883306,-0.078125,0.019531,1.007812,1.011024234590843
2025-08-14T14:05:36.911330,-0.074219,0.019531,1.019531,1.0224154634408655
2025-08-14T14:05:37.013312,-0.078125,0.015625,1.015625,1.01874520704394
2025-08-14T14:05:37.113317,-0.074219,0.023438,1.011719,1.0147083988841328
2025-08-14T14:05:37.215587,-0.074219,0.019531,1.019531,1.0224154634408655
2025-08-14T14:05:37.315899,-0.074219,0.019531,1.019531,1.0224154634408655
2025-08-14T14:05:37.415974,-0.078125,0.019531,1.023438,1.0266013420164617
2025-08-14T14:05:37.517245,-0.074219,0.019531,1.019531,1.0224154634408655
2025-08-14T14:05:37.617806,-0.074219,0.027344,1.011719,1.0148061338295111
2025-08-14T14:05:37.722983,-0.074219,0.023438,1.019531,1.0224975597848631
2025-08-14T14:05:37.822617,-0.070312,0.019531,1.007812,1.0104505255820295
2025-08-14T14:05:37.922461,-0.078125,0.015625,1.011719,1.014851216292812
2025-08-14T14:05:38.022781,-0.074219,0.019531,1.007812,1.0107299081683494
2025-08-14T14:05:38.123124,-0.074219,0.019531,1.007812,1.0107299081683494
2025-08-14T14:05:38.223402,-0.078125,0.019531,1.023438,1.0266013420164617
2025-08-14T14:05:38.324794,-0.066406,0.023438,1.015625,1.0180634741041443
2025-08-14T14:05:38.425957,-0.074219,0.027344,1.019531,1.0225945502778704
2025-08-14T14:05:38.526004,-0.074219,0.023438,1.015625,1.0186029356083752
2025-08-14T14:05:38.628475,-0.074219,0.027344,1.011719,1.0148061338295111
2025-08-14T14:05:38.731456,-0.074219,0.015625,1.015625,1.018453111935449
2025-08-14T14:05:38.832920,-0.078125,0.015625,1.019531,1.0226392893933811
2025-08-14T14:05:38.930996,-0.078125,0.019531,1.015625,1.0188126011249563
2025-08-14T14:05:39.035293,-0.082031,0.019531,1.015625,1.0191195639114186
2025-08-14T14:05:39.138728,-0.078125,0.015625,1.011719,1.014851216292812
2025-08-14T14:05:39.233517,-0.078125,0.019531,1.015625,1.0188126011249563
2025-08-14T14:05:39.333508,-0.078125,0.015625,1.011719,1.014851216292812
2025-08-14T14:05:39.436097,-0.074219,0.019531,1.015625,1.0185205253439913
2025-08-14T14:05:39.536124,-0.082031,0.023438,1.011719,1.015309686630636
2025-08-14T14:05:39.636785,-0.074219,0.027344,1.007812,1.0109110651491555
2025-08-14T14:05:39.741538,-0.078125,0.023438,1.019531,1.022788499852242
2025-08-14T14:05:39.838311,-0.078125,0.015625,1.011719,1.014851216292812
2025-08-14T14:05:39.943332,-0.074219,0.019531,1.011719,1.0146256722964386
2025-08-14T14:05:40.053525,-0.078125,0.023438,1.011719,1.0150015716391774
2025-08-14T14:05:40.143525,-0.078125,0.023438,1.019531,1.022788499852242
2025-08-14T14:05:40.240693,-0.078125,0.023438,1.011719,1.0150015716391774
2025-08-14T14:05:40.342274,-0.074219,0.023438,1.015625,1.0186029356083752
2025-08-14T14:05:40.441226,-0.074219,0.015625,1.015625,1.018453111935449
2025-08-14T14:05:40.545690,-0.074219,0.019531,1.015625,1.0185205253439913
2025-08-14T14:05:40.644931,-0.074219,0.019531,1.023438,1.0263114828189346
2025-08-14T14:05:40.746990,-0.078125,0.019531,1.019531,1.022706426863056
2025-08-14T14:05:40.847620,-0.070312,0.019531,1.019531,1.0221392748867444
2025-08-14T14:05:40.947959,-0.078125,0.011719,1.011719,1.0147985935874173
2025-08-14T14:05:41.049491,-0.074219,0.015625,1.023438,1.0262445811939764
2025-08-14T14:05:41.149893,-0.074219,0.019531,1.015625,1.0185205253439913
2025-08-14T14:05:41.251475,-0.074219,0.015625,1.015625,1.018453111935449
2025-08-14T14:05:41.352571,-0.074219,0.015625,1.023438,1.0262445811939764
2025-08-14T14:05:41.453571,-0.074219,0.023438,1.011719,1.0147083988841328
2025-08-14T14:05:41.553580,-0.078125,0.015625,1.011719,1.014851216292812
2025-08-14T14:05:41.657632,-0.078125,0.023438,1.015625,1.0188949877656677
2025-08-14T14:05:41.756111,-0.078125,0.019531,1.019531,1.022706426863056
2025-08-14T14:05:41.860253,-0.074219,0.019531,1.011719,1.0146256722964386
2025-08-14T14:05:41.960318,-0.074219,0.019531,1.011719,1.0146256722964386
2025-08-14T14:05:42.059206,-0.078125,0.015625,1.015625,1.01874520704394
2025-08-14T14:05:42.161728,-0.074219,0.015625,1.003906,1.0067670323476032
2025-08-14T14:05:42.262705,-0.078125,0.023438,1.015625,1.0188949877656677
2025-08-14T14:05:42.363334,-0.078125,0.015625,1.019531,1.0226392893933811
2025-08-14T14:05:42.464288,-0.070312,0.019531,1.011719,1.0143473627244268
2025-08-14T14:05:42.564275,-0.078125,0.019531,1.015625,1.0188126011249563
2025-08-14T14:05:42.664402,-0.074219,0.019531,1.027344,1.03020658814531
2025-08-14T14:05:42.766105,-0.078125,0.019531,1.015625,1.0188126011249563
2025-08-14T14:05:42.867550,-0.078125,0.015625,1.015625,1.01874520704394
2025-08-14T14:05:42.967365,-0.074219,0.019531,1.015625,1.0185205253439913
2025-08-14T14:05:43.070329,-0.074219,0.019531,1.015625,1.0185205253439913
2025-08-14T14:05:43.169916,-0.074219,0.023438,1.015625,1.0186029356083752
2025-08-14T14:05:43.270329,-0.078125,0.023438,1.015625,1.0188949877656677
2025-08-14T14:05:43.376625,-0.070312,0.015625,1.011719,1.0142796719495073
2025-08-14T14:05:43.474606,-0.078125,0.015625,1.019531,1.0226392893933811
2025-08-14T14:05:43.575865,-0.074219,0.023438,1.015625,1.0186029356083752
2025-08-14T14:05:43.689865,-0.078125,0.011719,1.011719,1.0147985935874173
2025-08-14T14:05:43.780855,-0.074219,0.011719,1.015625,1.018400675346889
2025-08-14T14:05:43.875567,-0.074219,0.019531,1.019531,1.0224154634408655
2025-08-14T14:05:43.975567,-0.078125,0.019531,1.007812,1.011024234590843
2025-08-14T14:05:44.077153,-0.078125,0.019531,1.023438,1.0266013420164617
2025-08-14T14:05:44.179150,-0.078125,0.019531,1.011719,1.014918868948154
2025-08-14T14:05:44.281889,-0.074219,0.019531,1.019531,1.0224154634408655
2025-08-14T14:05:44.380889,-0.078125,0.015625,1.019531,1.0226392893933811
2025-08-14T14:05:44.479889,-0.074219,0.019531,1.019531,1.0224154634408655
2025-08-14T14:05:44.674884,-0.078125,0.011719,1.011719,1.0147985935874173
2025-08-14T14:05:44.720895,-0.074219,0.023438,1.007812,1.010812953591811
2025-08-14T14:05:44.819895,-0.074219,0.019531,1.011719,1.0146256722964386
2025-08-14T14:05:44.923187,-0.074219,0.023438,1.015625,1.0186029356083752
2025-08-14T14:05:45.026163,-0.074219,0.015625,1.019531,1.0223483068636636
2025-08-14T14:05:45.159355,-0.074219,0.019531,1.015625,1.0185205253439913
2025-08-14T14:05:45.223848,-0.078125,0.019531,1.019531,1.022706426863056
2025-08-14T14:05:45.326728,-0.078125,0.015625,1.007812,1.0109563213086905
2025-08-14T14:05:45.424984,-0.074219,0.019531,1.015625,1.0185205253439913
2025-08-14T14:05:45.528119,-0.070312,0.019531,1.023438,1.0260363429961925
2025-08-14T14:05:45.652110,-0.074219,0.023438,1.011719,1.0147083988841328
2025-08-14T14:05:45.731974,-0.074219,0.019531,1.015625,1.0185205253439913
2025-08-14T14:05:45.833387,-0.078125,0.015625,1.015625,1.01874520704394
2025-08-14T14:05:45.934373,-0.070312,0.019531,1.015625,1.018243280326465
2025-08-14T14:05:46.035057,-0.078125,0.019531,1.003906,1.0071306928209465
2025-08-14T14:05:46.139489,-0.074219,0.019531,1.015625,1.0185205253439913
2025-08-14T14:05:46.235777,-0.074219,0.019531,1.015625,1.0185205253439913
2025-08-14T14:05:46.343524,-0.074219,0.015625,1.015625,1.018453111935449
2025-08-14T14:05:46.437385,-0.070312,0.027344,1.015625,1.0184231008303966
2025-08-14T14:05:46.536198,-0.074219,0.023438,1.011719,1.0147083988841328
2025-08-14T14:05:46.638044,-0.078125,0.023438,1.011719,1.0150015716391774
2025-08-14T14:05:46.850621,-0.074219,0.019531,1.007812,1.0107299081683494
2025-08-14T14:05:46.971303,-0.070312,0.019531,1.015625,1.018243280326465
2025-08-14T14:05:47.043905,-0.074219,0.019531,1.011719,1.0146256722964386
2025-08-14T14:05:47.148814,-0.074219,0.015625,1.015625,1.018453111935449
2025-08-14T14:05:47.245945,-0.070312,0.023438,1.011719,1.014430112008215
2025-08-14T14:05:47.345959,-0.074219,0.015625,1.011719,1.0145580000901873
2025-08-14T14:05:47.446959,-0.070312,0.023438,1.015625,1.0183257130275165
2025-08-14T14:05:47.548270,-0.078125,0.019531,1.007812,1.011024234590843
2025-08-14T14:05:47.654194,-0.074219,0.011719,1.019531,1.02229607007119
2025-08-14T14:05:47.751186,-0.078125,0.019531,1.023438,1.0266013420164617
2025-08-14T14:05:47.851235,-0.078125,0.019531,1.015625,1.0188126011249563
2025-08-14T14:05:47.951752,-0.074219,0.019531,1.015625,1.0185205253439913
2025-08-14T14:05:48.052752,-0.074219,0.019531,1.011719,1.0146256722964386
2025-08-14T14:05:48.158253,-0.070312,0.019531,1.011719,1.0143473627244268
2025-08-14T14:05:48.255636,-0.078125,0.019531,1.007812,1.011024234590843
2025-08-14T14:05:48.355641,-0.074219,0.019531,1.007812,1.0107299081683494
2025-08-14T14:05:48.457461,-0.078125,0.015625,1.019531,1.0226392893933811
2025-08-14T14:05:48.559152,-0.074219,0.015625,1.007812,1.010661975108394
2025-08-14T14:05:48.660772,-0.078125,0.019531,1.011719,1.014918868948154
2025-08-14T14:05:48.760183,-0.074219,0.023438,1.015625,1.0186029356083752
2025-08-14T14:05:48.861603,-0.078125,0.019531,1.015625,1.0188126011249563
2025-08-14T14:05:48.963278,-0.074219,0.015625,1.011719,1.0145580000901873
2025-08-14T14:05:49.063067,-0.078125,0.015625,1.011719,1.014851216292812
2025-08-14T14:05:49.187775,-0.078125,0.019531,1.015625,1.0188126011249563
2025-08-14T14:05:49.264401,-0.074219,0.019531,1.007812,1.0107299081683494
2025-08-14T14:05:49.365853,-0.074219,0.023438,1.011719,1.0147083988841328
2025-08-14T14:05:49.466290,-0.078125,0.019531,1.015625,1.0188126011249563
2025-08-14T14:05:49.567490,-0.078125,0.015625,1.015625,1.01874520704394
2025-08-14T14:05:49.676408,-0.074219,0.019531,1.007812,1.0107299081683494
2025-08-14T14:05:49.769321,-0.078125,0.023438,1.019531,1.022788499852242
2025-08-14T14:05:49.869325,-0.074219,0.019531,1.019531,1.0224154634408655
2025-08-14T14:05:49.971595,-0.070312,0.015625,1.007812,1.0103825737377896
2025-08-14T14:05:50.071306,-0.074219,0.019531,1.015625,1.0185205253439913
2025-08-14T14:05:50.176614,-0.078125,0.015625,1.015625,1.01874520704394
2025-08-14T14:05:50.274074,-0.074219,0.019531,1.011719,1.0146256722964386
2025-08-14T14:05:50.376165,-0.074219,0.015625,1.015625,1.018453111935449
2025-08-14T14:05:50.474580,-0.078125,0.019531,1.015625,1.0188126011249563
2025-08-14T14:05:50.576343,-0.074219,0.015625,1.019531,1.0223483068636636
2025-08-14T14:05:50.675492,-0.078125,0.015625,1.011719,1.014851216292812
2025-08-14T14:05:50.776759,-0.074219,0.015625,1.015625,1.018453111935449
2025-08-14T14:05:50.881557,-0.078125,0.019531,1.015625,1.0188126011249563
2025-08-14T14:05:50.979455,-0.078125,0.019531,1.019531,1.022706426863056
2025-08-14T14:05:51.083689,-0.078125,0.015625,1.015625,1.01874520704394
2025-08-14T14:05:51.183347,-0.070312,0.023438,1.011719,1.014430112008215
2025-08-14T14:05:51.283424,-0.078125,0.015625,1.011719,1.014851216292812
2025-08-14T14:05:51.383510,-0.078125,0.019531,1.019531,1.022706426863056
2025-08-14T14:05:51.487323,-0.074219,0.023438,1.011719,1.0147083988841328
2025-08-14T14:05:51.588239,-0.078125,0.015625,1.011719,1.014851216292812
2025-08-14T14:05:51.688802,-0.078125,0.015625,1.019531,1.0226392893933811
2025-08-14T14:05:51.789788,-0.078125,0.019531,1.023438,1.0266013420164617
2025-08-14T14:05:51.891107,-0.078125,0.019531,1.015625,1.0188126011249563
2025-08-14T14:05:51.992101,-0.078125,0.019531,1.015625,1.0188126011249563
2025-08-14T14:05:52.105642,-0.074219,0.023438,1.015625,1.0186029356083752
2025-08-14T14:05:52.204632,-0.078125,0.015625,1.015625,1.01874520704394
2025-08-14T14:05:52.309645,-0.066406,0.015625,1.019531,1.0218108227171994
2025-08-14T14:05:52.413642,-0.082031,0.015625,1.015625,1.019052190131104
2025-08-14T14:05:52.514636,-0.078125,0.011719,1.019531,1.022587067465162
2025-08-14T14:05:52.620641,-0.070312,0.019531,1.023438,1.0260363429961925
2025-08-14T14:05:52.701631,-0.074219,0.015625,1.015625,1.018453111935449
2025-08-14T14:05:52.803637,-0.070312,0.015625,1.015625,1.018175848561534
2025-08-14T14:05:52.902631,-0.074219,0.019531,1.015625,1.0185205253439913
2025-08-14T14:05:53.004634,-0.078125,0.023438,1.011719,1.0150015716391774
2025-08-14T14:05:53.105642,-0.070312,0.023438,1.019531,1.0222213934119164
2025-08-14T14:05:53.207646,-0.078125,0.019531,1.011719,1.014918868948154
2025-08-14T14:05:53.310649,-0.078125,0.023438,1.007812,1.0111072558403484
2025-08-14T14:05:53.413642,-0.070312,0.015625,1.019531,1.0220721001622144
2025-08-14T14:05:53.510705,-0.074219,0.019531,1.023438,1.0263114828189346
2025-08-14T14:05:53.610707,-0.078125,0.015625,1.019531,1.0226392893933811
2025-08-14T14:05:53.714704,-0.078125,0.023438,1.015625,1.0188949877656677
2025-08-14T14:05:53.814562,-0.078125,0.015625,1.015625,1.01874520704394
2025-08-14T14:05:53.911552,-0.078125,0.015625,1.011719,1.014851216292812
2025-08-14T14:05:54.015638,-0.074219,0.015625,1.015625,1.018453111935449
2025-08-14T14:05:54.114979,-0.074219,0.023438,1.011719,1.0147083988841328
2025-08-14T14:05:54.215143,-0.070312,0.019531,1.015625,1.018243280326465
2025-08-14T14:05:54.317719,-0.082031,0.015625,1.019531,1.0229451038775248
2025-08-14T14:05:54.417236,-0.074219,0.015625,1.011719,1.0145580000901873
2025-08-14T14:05:54.532558,-0.074219,0.019531,1.007812,1.0107299081683494
2025-08-14T14:05:54.619708,-0.074219,0.019531,1.027344,1.03020658814531
2025-08-14T14:05:54.725774,-0.074219,0.019531,1.011719,1.0146256722964386
2025-08-14T14:05:54.824330,-0.074219,0.023438,1.019531,1.0224975597848631
2025-08-14T14:05:54.925935,-0.074219,0.015625,1.019531,1.0223483068636636
2025-08-14T14:05:55.026922,-0.074219,0.015625,1.007812,1.010661975108394
2025-08-14T14:05:55.127908,-0.074219,0.015625,1.011719,1.0145580000901873
2025-08-14T14:05:55.229594,-0.078125,0.023438,1.015625,1.0188949877656677
2025-08-14T14:05:55.329128,-0.074219,0.015625,1.015625,1.018453111935449
2025-08-14T14:05:55.434552,-0.074219,0.019531,1.011719,1.0146256722964386
2025-08-14T14:05:55.532277,-0.074219,0.019531,1.011719,1.0146256722964386
2025-08-14T14:05:55.631345,-0.074219,0.019531,1.019531,1.0224154634408655
2025-08-14T14:05:55.738799,-0.074219,0.015625,1.019531,1.0223483068636636
2025-08-14T14:05:55.834836,-0.078125,0.011719,1.011719,1.0147985935874173
2025-08-14T14:05:55.939210,-0.078125,0.023438,1.007812,1.0111072558403484
2025-08-14T14:05:56.039499,-0.074219,0.015625,1.011719,1.0145580000901873
2025-08-14T14:05:56.138472,-0.074219,0.015625,1.015625,1.018453111935449
2025-08-14T14:05:56.238921,-0.074219,0.019531,1.011719,1.0146256722964386
2025-08-14T14:05:56.340090,-0.074219,0.019531,1.019531,1.0224154634408655
2025-08-14T14:05:56.439226,-0.082031,0.019531,1.019531,1.023012221277439
2025-08-14T14:05:56.539951,-0.074219,0.019531,1.011719,1.0146256722964386
2025-08-14T14:05:56.640749,-0.070312,0.019531,1.015625,1.018243280326465
2025-08-14T14:05:56.744743,-0.078125,0.015625,1.007812,1.0109563213086905
2025-08-14T14:05:56.842142,-0.074219,0.019531,1.011719,1.0146256722964386
2025-08-14T14:05:56.945076,-0.074219,0.015625,1.027344,1.0301399394849229
2025-08-14T14:05:57.044055,-0.078125,0.019531,1.019531,1.022706426863056
2025-08-14T14:05:57.146255,-0.078125,0.019531,1.003906,1.0071306928209465
2025-08-14T14:05:57.246725,-0.078125,0.015625,1.015625,1.01874520704394
2025-08-14T14:05:57.348655,-0.074219,0.019531,1.007812,1.0107299081683494
2025-08-14T14:05:57.448553,-0.074219,0.011719,1.015625,1.018400675346889
2025-08-14T14:05:57.550664,-0.078125,0.015625,1.011719,1.014851216292812
2025-08-14T14:05:57.653554,-0.074219,0.019531,1.007812,1.0107299081683494
2025-08-14T14:05:57.755564,-0.074219,0.019531,1.011719,1.0146256722964386
2025-08-14T14:05:57.852137,-0.070312,0.019531,1.015625,1.018243280326465
2025-08-14T14:05:57.952520,-0.078125,0.015625,1.019531,1.0226392893933811
2025-08-14T14:05:58.053529,-0.074219,0.023438,1.007812,1.010812953591811
2025-08-14T14:05:58.154269,-0.078125,0.019531,1.011719,1.014918868948154
2025-08-14T14:05:58.255597,-0.078125,0.023438,1.015625,1.0188949877656677
2025-08-14T14:05:58.354600,-0.070312,0.015625,1.011719,1.0142796719495073
2025-08-14T14:05:58.457669,-0.078125,0.019531,1.011719,1.014918868948154
2025-08-14T14:05:58.558484,-0.078125,0.019531,1.011719,1.014918868948154
2025-08-14T14:05:58.658011,-0.074219,0.019531,1.019531,1.0224154634408655
2025-08-14T14:05:58.761203,-0.078125,0.019531,1.019531,1.022706426863056
2025-08-14T14:05:58.861526,-0.078125,0.019531,1.023438,1.0266013420164617
2025-08-14T14:05:58.966703,-0.078125,0.019531,1.007812,1.011024234590843
2025-08-14T14:05:59.062890,-0.074219,0.015625,1.007812,1.010661975108394
2025-08-14T14:05:59.166021,-0.074219,0.023438,1.011719,1.0147083988841328
2025-08-14T14:05:59.265309,-0.074219,0.019531,1.015625,1.0185205253439913
2025-08-14T14:05:59.366295,-0.070312,0.019531,1.011719,1.0143473627244268
2025-08-14T14:05:59.473305,-0.078125,0.019531,1.011719,1.014918868948154
2025-08-14T14:05:59.569308,-0.078125,0.023438,1.011719,1.0150015716391774
2025-08-14T14:05:59.671295,-0.078125,0.023438,1.011719,1.0150015716391774
2025-08-14T14:05:59.769308,-0.074219,0.023438,1.011719,1.0147083988841328
2025-08-14T14:05:59.871299,-0.074219,0.023438,1.011719,1.0147083988841328
2025-08-14T14:05:59.972536,-0.070312,0.023438,1.007812,1.0105335939650892
2025-08-14T14:06:00.073942,-0.070312,0.019531,1.015625,1.018243280326465
2025-08-14T14:06:00.174736,-0.070312,0.019531,1.015625,1.018243280326465
2025-08-14T14:06:00.277013,-0.078125,0.019531,1.011719,1.014918868948154
2025-08-14T14:06:00.377433,-0.078125,0.019531,1.011719,1.014918868948154
2025-08-14T14:06:00.484423,-0.074219,0.015625,1.007812,1.010661975108394
2025-08-14T14:06:00.579569,-0.074219,0.019531,1.015625,1.0185205253439913
2025-08-14T14:06:00.695226,-0.078125,0.019531,1.019531,1.022706426863056
2025-08-14T14:06:00.786238,-0.074219,0.023438,1.015625,1.0186029356083752
2025-08-14T14:06:00.887230,-0.074219,0.015625,1.011719,1.0145580000901873
2025-08-14T14:06:00.984285,-0.078125,0.019531,1.007812,1.011024234590843
2025-08-14T14:06:01.087879,-0.078125,0.019531,1.023438,1.0266013420164617
2025-08-14T14:06:01.194155,-0.074219,0.019531,1.015625,1.0185205253439913
2025-08-14T14:06:01.285691,-0.074219,0.023438,1.011719,1.0147083988841328
2025-08-14T14:06:01.387700,-0.074219,0.015625,1.007812,1.010661975108394
2025-08-14T14:06:01.486294,-0.074219,0.019531,1.023438,1.0263114828189346
2025-08-14T14:06:01.590278,-0.074219,0.015625,1.011719,1.0145580000901873
2025-08-14T14:06:01.694266,-0.070312,0.015625,1.015625,1.018175848561534
2025-08-14T14:06:01.796799,-0.074219,0.027344,1.027344,1.0303843208400447
2025-08-14T14:06:01.892035,-0.078125,0.03125,1.015625,1.0191046161950206
2025-08-14T14:06:01.992320,-0.078125,0.015625,1.007812,1.0109563213086905
2025-08-14T14:06:02.094140,-0.074219,0.015625,1.015625,1.018453111935449
2025-08-14T14:06:02.193144,-0.078125,0.019531,1.015625,1.0188126011249563
2025-08-14T14:06:02.293144,-0.078125,0.015625,1.007812,1.0109563213086905
2025-08-14T14:06:02.393096,-0.078125,0.019531,1.007812,1.011024234590843
2025-08-14T14:06:02.494096,-0.074219,0.023438,1.011719,1.0147083988841328
2025-08-14T14:06:02.597082,-0.074219,0.019531,1.015625,1.0185205253439913
2025-08-14T14:06:02.696096,-0.074219,0.019531,1.011719,1.0146256722964386
2025-08-14T14:06:02.798880,-0.074219,0.019531,1.011719,1.0146256722964386
2025-08-14T14:06:02.897553,-0.074219,0.011719,1.011719,1.0145053621755775
2025-08-14T14:06:02.998856,-0.074219,0.023438,1.007812,1.010812953591811
2025-08-14T14:06:03.098217,-0.074219,0.027344,1.011719,1.0148061338295111
2025-08-14T14:06:03.206221,-0.074219,0.015625,1.015625,1.018453111935449
2025-08-14T14:06:03.300575,-0.070312,0.027344,1.011719,1.014527873762471
2025-08-14T14:06:03.401320,-0.074219,0.015625,1.007812,1.010661975108394
2025-08-14T14:06:03.502484,-0.070312,0.015625,1.011719,1.0142796719495073
2025-08-14T14:06:03.603487,-0.074219,0.019531,1.015625,1.0185205253439913
2025-08-14T14:06:03.704475,-0.078125,0.019531,1.007812,1.011024234590843
2025-08-14T14:06:03.806476,-0.066406,0.023438,1.011719,1.014166865777521
2025-08-14T14:06:03.987085,-0.070312,0.019531,1.019531,1.0221392748867444
2025-08-14T14:06:04.087793,-0.074219,0.015625,1.007812,1.010661975108394
2025-08-14T14:06:04.147329,-0.070312,0.019531,1.015625,1.018243280326465
2025-08-14T14:06:04.231506,-0.074219,0.019531,1.023438,1.0263114828189346
2025-08-14T14:06:04.330348,-0.074219,0.015625,1.015625,1.018453111935449
2025-08-14T14:06:04.430097,-0.078125,0.023438,1.007812,1.0111072558403484
2025-08-14T14:06:04.534451,-0.074219,0.019531,1.011719,1.0146256722964386
2025-08-14T14:06:04.630475,-0.074219,0.019531,1.019531,1.0224154634408655
2025-08-14T14:06:04.740265,-0.070312,0.019531,1.015625,1.018243280326465
2025-08-14T14:06:04.834219,-0.074219,0.019531,1.011719,1.0146256722964386
2025-08-14T14:06:04.935219,-0.074219,0.023438,1.015625,1.0186029356083752
2025-08-14T14:06:05.038944,-0.074219,0.019531,1.015625,1.0185205253439913
2025-08-14T14:06:05.137740,-0.070312,0.019531,1.015625,1.018243280326465
2025-08-14T14:06:05.238549,-0.078125,0.019531,1.011719,1.014918868948154
2025-08-14T14:06:05.341850,-0.070312,0.019531,1.015625,1.018243280326465
2025-08-14T14:06:05.438700,-0.082031,0.019531,1.019531,1.023012221277439
2025-08-14T14:06:05.539947,-0.074219,0.015625,1.019531,1.0223483068636636
2025-08-14T14:06:05.641369,-0.074219,0.019531,1.011719,1.0146256722964386
2025-08-14T14:06:05.745508,-0.078125,0.023438,1.015625,1.0188949877656677
2025-08-14T14:06:05.845293,-0.066406,0.023438,1.023438,1.02585790269608
2025-08-14T14:06:05.948519,-0.082031,0.019531,1.011719,1.0152270090393578
2025-08-14T14:06:06.045911,-0.074219,0.019531,1.015625,1.0185205253439913
2025-08-14T14:06:06.148102,-0.074219,0.019531,1.011719,1.0146256722964386
2025-08-14T14:06:06.251376,-0.070312,0.019531,1.011719,1.0143473627244268
2025-08-14T14:06:06.349699,-0.074219,0.019531,1.011719,1.0146256722964386
2025-08-14T14:06:06.451134,-0.078125,0.023438,1.015625,1.0188949877656677
2025-08-14T14:06:06.549747,-0.070312,0.019531,1.011719,1.0143473627244268
2025-08-14T14:06:06.664858,-0.078125,0.023438,1.011719,1.0150015716391774
2025-08-14T14:06:06.753541,-0.074219,0.023438,1.015625,1.0186029356083752
2025-08-14T14:06:06.854053,-0.074219,0.023438,1.015625,1.0186029356083752
2025-08-14T14:06:06.955687,-0.074219,0.023438,1.015625,1.0186029356083752
2025-08-14T14:06:07.055121,-0.078125,0.023438,1.019531,1.022788499852242
2025-08-14T14:06:07.154998,-0.070312,0.019531,1.015625,1.018243280326465
2025-08-14T14:06:07.258517,-0.078125,0.015625,1.011719,1.014851216292812
2025-08-14T14:06:07.358898,-0.074219,0.015625,1.019531,1.0223483068636636
2025-08-14T14:06:07.462329,-0.074219,0.023438,1.011719,1.0147083988841328
2025-08-14T14:06:07.561611,-0.074219,0.019531,1.011719,1.0146256722964386
2025-08-14T14:06:07.661186,-0.078125,0.015625,1.007812,1.0109563213086905
2025-08-14T14:06:07.762982,-0.070312,0.015625,1.011719,1.0142796719495073
2025-08-14T14:06:07.863366,-0.074219,0.023438,1.023438,1.0263932675388123
2025-08-14T14:06:07.966370,-0.078125,0.015625,1.015625,1.01874520704394
2025-08-14T14:06:08.068410,-0.074219,0.027344,1.023438,1.026489889936087
2025-08-14T14:06:08.167401,-0.074219,0.019531,1.011719,1.0146256722964386
2025-08-14T14:06:08.268072,-0.074219,0.015625,1.015625,1.018453111935449
2025-08-14T14:06:08.370193,-0.078125,0.019531,1.019531,1.022706426863056
2025-08-14T14:06:08.473545,-0.074219,0.019531,1.023438,1.0263114828189346
2025-08-14T14:06:08.573577,-0.078125,0.019531,1.007812,1.011024234590843
2025-08-14T14:06:08.675247,-0.078125,0.023438,1.003906,1.007214035001995
2025-08-14T14:06:08.774822,-0.078125,0.019531,1.015625,1.0188126011249563
2025-08-14T14:06:08.875338,-0.074219,0.019531,1.011719,1.0146256722964386
2025-08-14T14:06:08.976807,-0.078125,0.019531,1.015625,1.0188126011249563
2025-08-14T14:06:09.076994,-0.074219,0.019531,1.015625,1.0185205253439913
2025-08-14T14:06:09.180023,-0.074219,0.019531,1.015625,1.0185205253439913
2025-08-14T14:06:09.281195,-0.078125,0.019531,1.007812,1.011024234590843
2025-08-14T14:06:09.384876,-0.074219,0.019531,1.019531,1.0224154634408655
2025-08-14T14:06:09.481189,-0.074219,0.023438,1.019531,1.0224975597848631
2025-08-14T14:06:09.579681,-0.074219,0.019531,1.019531,1.0224154634408655
2025-08-14T14:06:09.682677,-0.078125,0.023438,1.019531,1.022788499852242
2025-08-14T14:06:09.783786,-0.078125,0.023438,1.015625,1.0188949877656677
2025-08-14T14:06:09.883772,-0.070312,0.019531,1.015625,1.018243280326465
2025-08-14T14:06:09.986938,-0.066406,0.023438,1.011719,1.014166865777521
2025-08-14T14:06:10.087361,-0.074219,0.019531,1.007812,1.0107299081683494
2025-08-14T14:06:10.193969,-0.074219,0.019531,1.015625,1.0185205253439913
2025-08-14T14:06:10.289012,-0.078125,0.015625,1.011719,1.014851216292812
2025-08-14T14:06:10.391925,-0.078125,0.019531,1.011719,1.014918868948154
2025-08-14T14:06:10.498222,-0.074219,0.015625,1.015625,1.018453111935449
2025-08-14T14:06:10.593592,-0.074219,0.019531,1.011719,1.0146256722964386
2025-08-14T14:06:10.699709,-0.078125,0.015625,1.011719,1.014851216292812
2025-08-14T14:06:10.806270,-0.074219,0.019531,1.015625,1.0185205253439913
2025-08-14T14:06:10.897243,-0.074219,0.019531,1.019531,1.0224154634408655
2025-08-14T14:06:11.001483,-0.070312,0.015625,1.011719,1.0142796719495073
2025-08-14T14:06:11.101267,-0.078125,0.015625,1.019531,1.0226392893933811
2025-08-14T14:06:11.204171,-0.074219,0.019531,1.019531,1.0224154634408655
2025-08-14T14:06:11.302005,-0.074219,0.019531,1.003906,1.0068352282066813
2025-08-14T14:06:11.402974,-0.078125,0.019531,1.015625,1.0188126011249563
2025-08-14T14:06:11.505557,-0.074219,0.011719,1.007812,1.0106091342680412
2025-08-14T14:06:11.605085,-0.078125,0.023438,1.011719,1.0150015716391774
2025-08-14T14:06:11.706089,-0.074219,0.019531,1.019531,1.0224154634408655
2025-08-14T14:06:11.807089,-0.078125,0.027344,1.019531,1.022885462758172
2025-08-14T14:06:11.910042,-0.074219,0.015625,1.015625,1.018453111935449
2025-08-14T14:06:12.011692,-0.074219,0.015625,1.015625,1.018453111935449
2025-08-14T14:06:12.110853,-0.074219,0.015625,1.011719,1.0145580000901873
2025-08-14T14:06:12.211853,-0.074219,0.019531,1.011719,1.0146256722964386
2025-08-14T14:06:12.312198,-0.074219,0.019531,1.019531,1.0224154634408655
2025-08-14T14:06:12.412553,-0.078125,0.019531,1.015625,1.0188126011249563
2025-08-14T14:06:12.512952,-0.074219,0.015625,1.03125,1.0340353780630525
2025-08-14T14:06:12.614952,-0.074219,0.015625,1.011719,1.0145580000901873
2025-08-14T14:06:12.715706,-0.070312,0.019531,1.011719,1.0143473627244268
2025-08-14T14:06:12.816850,-0.078125,0.019531,1.007812,1.011024234590843
2025-08-14T14:06:12.918442,-0.074219,0.015625,1.011719,1.0145580000901873
2025-08-14T14:06:13.017240,-0.074219,0.015625,1.011719,1.0145580000901873
2025-08-14T14:06:13.117825,-0.078125,0.015625,1.011719,1.014851216292812
2025-08-14T14:06:13.221398,-0.074219,0.023438,1.019531,1.0224975597848631
2025-08-14T14:06:13.320765,-0.082031,0.019531,1.015625,1.0191195639114186
2025-08-14T14:06:13.421421,-0.082031,0.015625,1.015625,1.019052190131104
2025-08-14T14:06:13.522364,-0.078125,0.015625,1.03125,1.0343230727147104
2025-08-14T14:06:13.668475,-0.074219,0.023438,1.007812,1.010812953591811
2025-08-14T14:06:13.726475,-0.070312,0.019531,1.015625,1.018243280326465
2025-08-14T14:06:13.827588,-0.078125,0.019531,1.019531,1.022706426863056
2025-08-14T14:06:13.924248,-0.074219,0.019531,1.015625,1.0185205253439913
2025-08-14T14:06:14.026316,-0.078125,0.019531,1.015625,1.0188126011249563
2025-08-14T14:06:14.126316,-0.078125,0.015625,1.011719,1.014851216292812
2025-08-14T14:06:14.227316,-0.078125,0.023438,1.019531,1.022788499852242
2025-08-14T14:06:14.328273,-0.074219,0.015625,1.015625,1.018453111935449
2025-08-14T14:06:14.428282,-0.082031,0.019531,1.011719,1.0152270090393578
2025-08-14T14:06:14.530282,-0.074219,0.015625,1.015625,1.018453111935449
2025-08-14T14:06:14.654293,-0.074219,0.019531,1.007812,1.0107299081683494
2025-08-14T14:06:14.735148,-0.078125,0.019531,1.007812,1.011024234590843
2025-08-14T14:06:14.836130,-0.074219,0.019531,1.011719,1.0146256722964386
2025-08-14T14:06:14.934867,-0.074219,0.019531,1.003906,1.0068352282066813
2025-08-14T14:06:15.032522,-0.074219,0.023438,1.007812,1.010812953591811
2025-08-14T14:06:15.135217,-0.074219,0.023438,1.011719,1.0147083988841328
2025-08-14T14:06:15.238015,-0.078125,0.027344,1.003906,1.0073124970916425
2025-08-14T14:06:15.346471,-0.074219,0.019531,1.015625,1.0185205253439913
2025-08-14T14:06:15.441996,-0.074219,0.023438,1.011719,1.0147083988841328
2025-08-14T14:06:15.540020,-0.078125,0.015625,1.007812,1.0109563213086905
2025-08-14T14:06:15.642400,-0.078125,0.023438,1.015625,1.0188949877656677
2025-08-14T14:06:15.746925,-0.078125,0.019531,1.015625,1.0188126011249563
2025-08-14T14:06:15.843908,-0.070312,0.023438,1.007812,1.0105335939650892
2025-08-14T14:06:15.945950,-0.074219,0.023438,1.015625,1.0186029356083752
2025-08-14T14:06:16.047376,-0.078125,0.019531,1.015625,1.0188126011249563
2025-08-14T14:06:16.148778,-0.074219,0.019531,1.027344,1.03020658814531
2025-08-14T14:06:16.250051,-0.078125,0.019531,1.015625,1.0188126011249563
2025-08-14T14:06:16.351037,-0.078125,0.015625,1.015625,1.01874520704394
2025-08-14T14:06:16.450037,-0.074219,0.015625,1.015625,1.018453111935449
2025-08-14T14:06:16.553599,-0.074219,0.023438,1.007812,1.010812953591811
2025-08-14T14:06:16.666613,-0.074219,0.019531,1.011719,1.0146256722964386
2025-08-14T14:06:16.758906,-0.082031,0.019531,1.015625,1.0191195639114186
2025-08-14T14:06:16.858679,-0.074219,0.015625,1.007812,1.010661975108394
2025-08-14T14:06:16.961532,-0.074219,0.019531,1.011719,1.0146256722964386
2025-08-14T14:06:17.060215,-0.074219,0.015625,1.015625,1.018453111935449
2025-08-14T14:06:17.161382,-0.074219,0.019531,1.015625,1.0185205253439913
2025-08-14T14:06:17.261496,-0.074219,0.023438,1.019531,1.0224975597848631
2025-08-14T14:06:17.361770,-0.074219,0.019531,1.011719,1.0146256722964386
2025-08-14T14:06:17.462250,-0.078125,0.019531,1.011719,1.014918868948154
2025-08-14T14:06:17.564223,-0.078125,0.015625,1.011719,1.014851216292812
2025-08-14T14:06:17.666739,-0.074219,0.019531,1.007812,1.0107299081683494
2025-08-14T14:06:17.768741,-0.078125,0.023438,1.019531,1.022788499852242
2025-08-14T14:06:17.866754,-0.074219,0.023438,1.015625,1.0186029356083752
2025-08-14T14:06:17.967078,-0.078125,0.019531,1.015625,1.0188126011249563
2025-08-14T14:06:18.067368,-0.074219,0.011719,1.011719,1.0145053621755775
2025-08-14T14:06:18.170369,-0.078125,0.019531,1.019531,1.022706426863056
2025-08-14T14:06:18.270156,-0.070312,0.023438,1.003906,1.0066381544646517
2025-08-14T14:06:18.370786,-0.078125,0.015625,1.015625,1.01874520704394
2025-08-14T14:06:18.472724,-0.074219,0.023438,1.003906,1.0069185948431978
2025-08-14T14:06:18.571006,-0.078125,0.019531,1.011719,1.014918868948154
2025-08-14T14:06:18.672908,-0.074219,0.019531,1.003906,1.0068352282066813
2025-08-14T14:06:18.781739,-0.074219,0.023438,1.007812,1.010812953591811
2025-08-14T14:06:18.882175,-0.078125,0.015625,1.019531,1.0226392893933811
2025-08-14T14:06:18.973776,-0.074219,0.019531,1.015625,1.0185205253439913
2025-08-14T14:06:19.074705,-0.074219,0.015625,1.019531,1.0223483068636636
2025-08-14T14:06:19.175411,-0.070312,0.019531,1.019531,1.0221392748867444
2025-08-14T14:06:19.278413,-0.070312,0.023438,1.015625,1.0183257130275165
2025-08-14T14:06:19.379162,-0.078125,0.023438,1.015625,1.0188949877656677
2025-08-14T14:06:19.478860,-0.074219,0.019531,1.007812,1.0107299081683494
2025-08-14T14:06:19.579661,-0.070312,0.015625,1.015625,1.018175848561534
2025-08-14T14:06:19.680944,-0.074219,0.019531,1.019531,1.0224154634408655
2025-08-14T14:06:19.785538,-0.078125,0.023438,1.011719,1.0150015716391774
2025-08-14T14:06:19.884550,-0.070312,0.019531,1.023438,1.0260363429961925
2025-08-14T14:06:19.985669,-0.070312,0.019531,1.011719,1.0143473627244268
2025-08-14T14:06:20.086261,-0.074219,0.019531,1.019531,1.0224154634408655
2025-08-14T14:06:20.186850,-0.074219,0.019531,1.011719,1.0146256722964386
2025-08-14T14:06:20.288836,-0.078125,0.019531,1.019531,1.022706426863056
2025-08-14T14:06:20.387520,-0.074219,0.019531,1.011719,1.0146256722964386
2025-08-14T14:06:20.491190,-0.070312,0.015625,1.015625,1.018175848561534
2025-08-14T14:06:20.590852,-0.074219,0.019531,1.011719,1.0146256722964386
2025-08-14T14:06:20.691112,-0.074219,0.015625,1.011719,1.0145580000901873
2025-08-14T14:06:20.792224,-0.070312,0.023438,1.007812,1.0105335939650892
2025-08-14T14:06:20.893347,-0.074219,0.023438,1.015625,1.0186029356083752
2025-08-14T14:06:20.995189,-0.078125,0.015625,1.023438,1.026534459282298
2025-08-14T14:06:21.096362,-0.078125,0.027344,1.007812,1.0112053388432043
2025-08-14T14:06:21.197485,-0.070312,0.019531,1.007812,1.0104505255820295
2025-08-14T14:06:21.298485,-0.078125,0.019531,1.011719,1.014918868948154
2025-08-14T14:06:21.399739,-0.070312,0.019531,1.007812,1.0104505255820295
2025-08-14T14:06:21.501814,-0.074219,0.027344,1.019531,1.0225945502778704
2025-08-14T14:06:21.601813,-0.074219,0.019531,1.011719,1.0146256722964386
2025-08-14T14:06:21.702825,-0.078125,0.015625,1.019531,1.0226392893933811
2025-08-14T14:06:21.802824,-0.074219,0.011719,1.003906,1.0067139870678263
2025-08-14T14:06:21.906201,-0.074219,0.019531,1.019531,1.0224154634408655
2025-08-14T14:06:22.005418,-0.074219,0.015625,1.007812,1.010661975108394
2025-08-14T14:06:22.106027,-0.074219,0.019531,1.023438,1.0263114828189346
2025-08-14T14:06:22.208036,-0.078125,0.019531,1.019531,1.022706426863056
2025-08-14T14:06:22.310036,-0.078125,0.019531,1.023438,1.0266013420164617
2025-08-14T14:06:22.409438,-0.074219,0.015625,1.003906,1.0067670323476032
2025-08-14T14:06:22.511150,-0.074219,0.015625,1.015625,1.018453111935449
2025-08-14T14:06:22.612280,-0.078125,0.019531,1.015625,1.0188126011249563
2025-08-14T14:06:22.714423,-0.074219,0.015625,1.015625,1.018453111935449
2025-08-14T14:06:22.814504,-0.070312,0.019531,1.011719,1.0143473627244268
2025-08-14T14:06:22.916098,-0.066406,0.015625,1.015625,1.0179135710294858
2025-08-14T14:06:23.015333,-0.070312,0.019531,1.007812,1.0104505255820295
2025-08-14T14:06:23.116236,-0.074219,0.015625,1.015625,1.018453111935449
2025-08-14T14:06:23.216236,-0.074219,0.019531,1.019531,1.0224154634408655
2025-08-14T14:06:23.317847,-0.074219,0.023438,1.019531,1.0224975597848631
2025-08-14T14:06:23.423692,-0.074219,0.019531,1.007812,1.0107299081683494
2025-08-14T14:06:23.526100,-0.070312,0.019531,1.015625,1.018243280326465
2025-08-14T14:06:23.620100,-0.074219,0.011719,1.011719,1.0145053621755775
2025-08-14T14:06:23.721757,-0.070312,0.019531,1.011719,1.0143473627244268
2025-08-14T14:06:23.826259,-0.082031,0.019531,1.015625,1.0191195639114186
2025-08-14T14:06:23.922887,-0.078125,0.015625,1.015625,1.01874520704394
2025-08-14T14:06:24.024647,-0.078125,0.023438,1.019531,1.022788499852242
2025-08-14T14:06:24.128316,-0.078125,0.015625,1.011719,1.014851216292812
2025-08-14T14:06:24.237702,-0.074219,0.015625,1.019531,1.0223483068636636
2025-08-14T14:06:24.325661,-0.074219,0.015625,1.015625,1.018453111935449
2025-08-14T14:06:24.425755,-0.070312,0.023438,1.015625,1.0183257130275165
2025-08-14T14:06:24.526281,-0.074219,0.019531,1.015625,1.0185205253439913
2025-08-14T14:06:24.627769,-0.070312,0.019531,1.011719,1.0143473627244268
2025-08-14T14:06:24.730731,-0.074219,0.015625,1.015625,1.018453111935449
2025-08-14T14:06:24.827889,-0.078125,0.015625,1.011719,1.014851216292812
2025-08-14T14:06:24.929542,-0.078125,0.023438,1.015625,1.0188949877656677
2025-08-14T14:06:25.032215,-0.074219,0.023438,1.019531,1.0224975597848631
2025-08-14T14:06:25.133677,-0.074219,0.019531,1.015625,1.0185205253439913
2025-08-14T14:06:25.234252,-0.078125,0.015625,1.011719,1.014851216292812
2025-08-14T14:06:25.334805,-0.074219,0.019531,1.015625,1.0185205253439913
2025-08-14T14:06:25.452197,-0.074219,0.015625,1.015625,1.018453111935449
2025-08-14T14:06:25.538334,-0.078125,0.019531,1.015625,1.0188126011249563
2025-08-14T14:06:25.637964,-0.078125,0.019531,1.023438,1.0266013420164617
2025-08-14T14:06:25.742501,-0.074219,0.019531,1.015625,1.0185205253439913
2025-08-14T14:06:25.891407,-0.078125,0.015625,1.011719,1.014851216292812
2025-08-14T14:06:25.982879,-0.074219,0.023438,1.019531,1.0224975597848631
2025-08-14T14:06:26.085347,-0.074219,0.023438,1.011719,1.0147083988841328
2025-08-14T14:06:26.184690,-0.074219,0.019531,1.023438,1.0263114828189346
2025-08-14T14:06:26.287090,-0.078125,0.019531,1.019531,1.022706426863056
2025-08-14T14:06:26.388896,-0.074219,0.019531,1.011719,1.0146256722964386
2025-08-14T14:06:26.496887,-0.078125,0.015625,1.023438,1.026534459282298
2025-08-14T14:06:26.589380,-0.074219,0.019531,1.023438,1.0263114828189346
2025-08-14T14:06:26.690268,-0.074219,0.011719,1.011719,1.0145053621755775
2025-08-14T14:06:26.795272,-0.078125,0.019531,1.019531,1.022706426863056
2025-08-14T14:06:26.894260,-0.074219,0.015625,1.015625,1.018453111935449
2025-08-14T14:06:26.994274,-0.078125,0.015625,1.015625,1.01874520704394
2025-08-14T14:06:27.097795,-0.078125,0.019531,1.011719,1.014918868948154
2025-08-14T14:06:27.213443,-0.078125,0.015625,1.011719,1.014851216292812
2025-08-14T14:06:27.293444,-0.070312,0.019531,1.007812,1.0104505255820295
2025-08-14T14:06:27.394844,-0.074219,0.023438,1.015625,1.0186029356083752
2025-08-14T14:06:27.494911,-0.074219,0.019531,1.015625,1.0185205253439913
2025-08-14T14:06:27.596470,-0.074219,0.015625,1.011719,1.0145580000901873
2025-08-14T14:06:27.697493,-0.074219,0.019531,1.015625,1.0185205253439913
2025-08-14T14:06:27.801505,-0.074219,0.015625,1.007812,1.010661975108394
2025-08-14T14:06:27.900464,-0.078125,0.019531,1.015625,1.0188126011249563
2025-08-14T14:06:28.004306,-0.074219,0.019531,1.011719,1.0146256722964386
2025-08-14T14:06:28.103655,-0.074219,0.019531,1.011719,1.0146256722964386
2025-08-14T14:06:28.203800,-0.074219,0.019531,1.007812,1.0107299081683494
2025-08-14T14:06:28.303458,-0.074219,0.019531,1.023438,1.0263114828189346
2025-08-14T14:06:28.406927,-0.074219,0.023438,1.007812,1.010812953591811
2025-08-14T14:06:28.507320,-0.070312,0.019531,1.019531,1.0221392748867444
2025-08-14T14:06:28.607041,-0.078125,0.019531,1.011719,1.014918868948154
2025-08-14T14:06:28.710231,-0.078125,0.015625,1.019531,1.0226392893933811
2025-08-14T14:06:28.810975,-0.074219,0.019531,1.015625,1.0185205253439913
2025-08-14T14:06:28.910870,-0.074219,0.023438,1.007812,1.010812953591811
2025-08-14T14:06:29.011746,-0.074219,0.019531,1.023438,1.0263114828189346
2025-08-14T14:06:29.113163,-0.078125,0.027344,1.015625,1.0189923211614502
2025-08-14T14:06:29.213457,-0.074219,0.019531,1.015625,1.0185205253439913
2025-08-14T14:06:29.315179,-0.074219,0.019531,1.011719,1.0146256722964386
2025-08-14T14:06:29.417177,-0.074219,0.015625,1.011719,1.0145580000901873
2025-08-14T14:06:29.518165,-0.074219,0.023438,1.019531,1.0224975597848631
2025-08-14T14:06:29.616174,-0.070312,0.015625,1.011719,1.0142796719495073
2025-08-14T14:06:29.716177,-0.074219,0.019531,1.015625,1.0185205253439913
2025-08-14T14:06:29.822265,-0.074219,0.019531,1.011719,1.0146256722964386
2025-08-14T14:06:29.919775,-0.082031,0.015625,1.015625,1.019052190131104
2025-08-14T14:06:30.020308,-0.078125,0.015625,1.007812,1.0109563213086905
2025-08-14T14:06:30.119585,-0.070312,0.019531,1.007812,1.0104505255820295
2025-08-14T14:06:30.219937,-0.078125,0.023438,1.011719,1.0150015716391774
2025-08-14T14:06:30.321468,-0.074219,0.019531,1.023438,1.0263114828189346
2025-08-14T14:06:30.422410,-0.070312,0.019531,1.023438,1.0260363429961925
2025-08-14T14:06:30.523282,-0.074219,0.023438,1.019531,1.0224975597848631
2025-08-14T14:06:30.623934,-0.078125,0.011719,1.007812,1.01090349585408
2025-08-14T14:06:30.724809,-0.078125,0.019531,1.011719,1.014918868948154
2025-08-14T14:06:30.826777,-0.078125,0.015625,1.015625,1.01874520704394
2025-08-14T14:06:30.926300,-0.074219,0.015625,1.019531,1.0223483068636636
2025-08-14T14:06:31.027794,-0.070312,0.015625,1.011719,1.0142796719495073
2025-08-14T14:06:31.128347,-0.078125,0.019531,1.023438,1.0266013420164617
2025-08-14T14:06:31.237109,-0.070312,0.015625,1.015625,1.018175848561534
2025-08-14T14:06:31.329064,-0.074219,0.019531,1.015625,1.0185205253439913
2025-08-14T14:06:31.449722,-0.078125,0.015625,1.015625,1.01874520704394
2025-08-14T14:06:31.533737,-0.074219,0.015625,1.019531,1.0223483068636636
2025-08-14T14:06:31.632141,-0.070312,0.023438,1.019531,1.0222213934119164
2025-08-14T14:06:31.733002,-0.074219,0.019531,1.015625,1.0185205253439913
2025-08-14T14:06:31.840001,-0.078125,0.015625,1.019531,1.0226392893933811
2025-08-14T14:06:31.936004,-0.078125,0.015625,1.007812,1.0109563213086905
2025-08-14T14:06:32.036639,-0.074219,0.019531,1.007812,1.0107299081683494
2025-08-14T14:06:32.141639,-0.074219,0.015625,1.019531,1.0223483068636636
2025-08-14T14:06:32.238640,-0.074219,0.023438,1.011719,1.0147083988841328
2025-08-14T14:06:32.340639,-0.074219,0.019531,1.011719,1.0146256722964386
2025-08-14T14:06:32.442103,-0.078125,0.019531,1.019531,1.022706426863056
2025-08-14T14:06:32.659358,-0.074219,0.019531,1.015625,1.0185205253439913
2025-08-14T14:06:32.722368,-0.078125,0.019531,1.011719,1.014918868948154
2025-08-14T14:06:32.823369,-0.078125,0.015625,1.011719,1.014851216292812
2025-08-14T14:06:32.924355,-0.074219,0.019531,1.019531,1.0224154634408655
2025-08-14T14:06:33.025606,-0.074219,0.019531,1.019531,1.0224154634408655
2025-08-14T14:06:33.125699,-0.074219,0.023438,1.011719,1.0147083988841328
2025-08-14T14:06:33.227731,-0.074219,0.019531,1.007812,1.0107299081683494
2025-08-14T14:06:33.330107,-0.074219,0.019531,1.019531,1.0224154634408655
2025-08-14T14:06:33.429914,-0.078125,0.015625,1.011719,1.014851216292812
2025-08-14T14:06:33.530611,-0.078125,0.015625,1.019531,1.0226392893933811
2025-08-14T14:06:33.629611,-0.078125,0.019531,1.011719,1.014918868948154
2025-08-14T14:06:33.731406,-0.070312,0.019531,1.011719,1.0143473627244268
2025-08-14T14:06:33.833337,-0.074219,0.019531,1.019531,1.0224154634408655
2025-08-14T14:06:33.934474,-0.070312,0.019531,1.015625,1.018243280326465
2025-08-14T14:06:34.036105,-0.078125,0.015625,1.015625,1.01874520704394
2025-08-14T14:06:34.136306,-0.070312,0.019531,1.015625,1.018243280326465
2025-08-14T14:06:34.236106,-0.070312,0.019531,1.015625,1.018243280326465
2025-08-14T14:06:34.337054,-0.074219,0.023438,1.007812,1.010812953591811
2025-08-14T14:06:34.438631,-0.078125,0.019531,1.015625,1.0188126011249563
2025-08-14T14:06:34.538846,-0.066406,0.015625,1.007812,1.0101182726814717
2025-08-14T14:06:34.639509,-0.074219,0.019531,1.015625,1.0185205253439913
2025-08-14T14:06:34.741136,-0.078125,0.015625,1.015625,1.01874520704394
2025-08-14T14:06:34.839660,-0.078125,0.019531,1.015625,1.0188126011249563
2025-08-14T14:06:34.941145,-0.078125,0.015625,1.015625,1.01874520704394
2025-08-14T14:06:35.043799,-0.074219,0.019531,1.015625,1.0185205253439913
2025-08-14T14:06:35.142875,-0.070312,0.023438,1.015625,1.0183257130275165
2025-08-14T14:06:35.245540,-0.074219,0.015625,1.015625,1.018453111935449
2025-08-14T14:06:35.348750,-0.074219,0.019531,1.011719,1.0146256722964386
2025-08-14T14:06:35.451224,-0.078125,0.023438,1.019531,1.022788499852242
2025-08-14T14:06:35.551234,-0.074219,0.019531,1.023438,1.0263114828189346
2025-08-14T14:06:35.653867,-0.078125,0.015625,1.011719,1.014851216292812
2025-08-14T14:06:35.757372,-0.078125,0.019531,1.003906,1.0071306928209465
2025-08-14T14:06:35.855372,-0.074219,0.019531,1.023438,1.0263114828189346
2025-08-14T14:06:35.959533,-0.070312,0.019531,1.011719,1.0143473627244268
2025-08-14T14:06:36.060417,-0.078125,0.023438,1.003906,1.007214035001995
2025-08-14T14:06:36.159876,-0.078125,0.019531,1.015625,1.0188126011249563
2025-08-14T14:06:36.263398,-0.082031,0.019531,1.011719,1.0152270090393578
2025-08-14T14:06:36.363909,-0.078125,0.019531,1.007812,1.011024234590843
2025-08-14T14:06:36.464207,-0.074219,0.015625,1.015625,1.018453111935449
2025-08-14T14:06:36.567482,-0.074219,0.019531,1.011719,1.0146256722964386
2025-08-14T14:06:36.667612,-0.074219,0.015625,1.015625,1.018453111935449
2025-08-14T14:06:36.772511,-0.074219,0.019531,1.015625,1.0185205253439913
2025-08-14T14:06:36.871266,-0.074219,0.019531,1.019531,1.0224154634408655
2025-08-14T14:06:36.971402,-0.074219,0.011719,1.015625,1.018400675346889
2025-08-14T14:06:37.070841,-0.078125,0.015625,1.019531,1.0226392893933811
2025-08-14T14:06:37.176719,-0.078125,0.019531,1.011719,1.014918868948154
2025-08-14T14:06:37.275561,-0.078125,0.019531,1.019531,1.022706426863056
